0;1;2;3;4;5;6;7
Wakefield, Thomas (c1749-);"seaman TALBOT 1767/8; 5th mate LORD MANSFIELD (1) 1769/70; 2nd mate Britannia to";"America; 3rd mate KENT (4) 1772/3 (approved 4 Nov 1772, aged 23); 2nd mate ROCHFORD";"1774/5; 2nd mate ALFRED (1) 1776/7; Capt LASCELLES 1779/80, 1782/3 & 1784/5; Capt";"GENERAL GODDARD 1791/2; Capt HENRY ADDINGTON (1) 1798/9; Capt HENRY";ADDINGTON (2) 1800/1;;
Wakeley, Thomas;purser PROVIDENCE (1) 1810/1;;;;;;
Wakeman, Henry (c1751-);"midshipman CRUTTENDEN 1768/9 & 1770/1; 4th mate HAWKE (3) 1772/3 (approved 10 Dec";"1772, aged 21); 2nd mate Mary Ann to Grenada 10m; 2nd mate ROYAL HENRY 1775/6 &";"1777/8; Capt RODNEY (2) 1781/2 & 1784/5";;;;
Walcot, James;6th mate PRINCE REGENT 1817/8;;;;;;
Walcot, John;5th mate THOMAS GRENVILLE 1809/10;;;;;;
Walcot, Thomas L;6th mate PRINCE REGENT 1813/4;;;;;;
Walden, George;2nd mate ADMIRAL RAINIER 1803;;;;;;
Waldie, James;"5th mate LORD HOLLAND (1) 1766/7; 3rd mate LORD HOLLAND (1) 1768/9; 1st mate";PIGOT (1) 1770/1;;;;;
Waldo, Jack;"3rd mate BEDFORD (2) 1739/40, run 18 Dec 1741; 3rd mate HEATHCOTE (3) 1742/3";;;;;;
Wale, Jeffery;"5th mate MACCLESFIELD (2) 1723/4; 5th mate SUNDERLAND 1727/8";;;;;;
Wales, Douglas (1808-);"b 31 Aug 1808 & bap 3 Aug 1809 South Mimms, Middx, s of John & Maria Catherine;";"midshipman WINDSOR 2) 182475; 6th mate WINTSOR @) 1826/7; 5th mate WINDSOR @)";"1828/9; 3rd mate WARREN HASTINGS (3) 1830/1; 2nd mate CASTLE HUNTLEY 1832/3";;;;
Wales, George;3rd mate ABBERTON 1822/3;;;;;;
Wales, John (1780-1803);"b 20 Jul & bap 4 Aug 1780 Christ Church, London, s of William & Mary; seaman TAUNTON";"CASTLE 1793/4; midshipman TAUNTON CASTLE 1795/6; 5th mate THETIS (1) 1797/8;";"4th mate BOMBAY CASTLE (2) 1799/1800; 3rd mate SIR STEPHEN LUSHINGTON";"1802/3; d 23 Aug 1803";;;
Wales, John (-1832);"6th mate SCALEBY CASTLE 1828/9 & 1830/1; lost overboard 2 May 1832";;;;;;
Walker, Francis (-1708);"4th mate NORTHUMBERLAND (1) 1706/7; d 2 Sep 1708";;;;;;
Walker, Frederick T;5th mate BRIDGEWATER (5) 1818/9;;;;;;
Walker, George;purser EARL TALBOT (1) 1787/8;;;;;;
Walker, Henry;"5th mate DAWSONNE 1729/30; 4th mate HEATHCOTE (3) 1732/3; 3rd mate PRINCE";"WILLIAM (1) 1735/6; 3rd mate GODOLPHIN (2) 1737/8; 3rd mate PRINCESS AMELIA (2)";"1739/40; 2nd mate PRINCESS AMELIA (2) 1742/3";;;;
Walker, Henry;surgeon WALPOLE (2) 1738/9, HOUGHTON (2) 1741/2;;;;;;
Walker, Henry (1810-);;;;;;;
"b 21 Oct 1810 & bap 8 Jan 1811 Eye, Suffolk, s of George & Elizabeth (née Denny); midshipman";"BUCKINGHAMSHIRE 1824/5 & 1826/7; midshipman THOMAS GRENVILLE 1828/9;";"midshipman WATERLOO (1) 1830/1; 6th mate THOMAS GRENVILLE 1832/3";;;;;
Walker, James;purser VANSITTART (2) 1769/70, PRINCESS ROYAL (2) 1772/3;;;;;;
Walker, James;surgeon BELVEDERE 1792/3;;;;;;
Walker, James (1784-);"b 17 Jun 1784 Kilconquhar, Fife, s of David, Esq, of Falfield; midshipman ASIA (4) 1798/9 &";"1800/1; 5th mate ASIA (4) 1803/4; 3rd mate ASIA (4) 1805/6; 1st mate ASIA (4) 1807/8, home";"from Bengal in PENANG 1810; 1st mate LORD MELVILLE (1) 1810/1 & 1812/3; 1st mate";"SURAT CASTLE (2) 1815/6; Capt Surat Castle private voyage to India ly 6m; Capt";MacQUEEN 1821/2, 1823/4, 1825/6 & 1827/8;;
Walker, James (1801-);"b 4 Dec 1801 Scotland; seaman GENERAL KYD 1816/7; midshipman GENERAL KYD";"1818/9; 6th mate GENERAL KYD 1820/1; 4th mate BRIDGEWATER (3) 1822/3; 3rd mate";"WARREN HASTINGS (5) 1824/5; 3rd mate FARQUHARSON 1826/7";;;;
Walker, John (-1797);"Capt ARIADNE 1796/7; drowned 11 Oct 1797";;;;;;
Walker, John (1775-1809);"bap 15 Dec 1775 East Rasen, Lincs, s of John & Mary; midshipman LORD DUNCAN 1797/8;";"6th mate LORD DUNCAN 1800/1; 4th mate ELPHINSTONE 1802/3; 3rd mate LORD";"CASTLEREAGH (1) 1805/6; 2nd mate LORD CASTLEREAGH (1) 1807/8; drowned 6 Dec";1809;;;
Walker, John;Qne] mats OCEAN (S) 1808/3;;;;;;
Walker, John;"6th mate WATERLOO (1) 1824/5; 5th mate WATERLOO (1) 1826/7 & 1828/9; 4th mate";WATERLOO (1) 1830/1;;;;;
Walker, William;"purser DRAGON (3) 1752/3; 5th mate DRAGON (©) 1734/5";;;;;;
Walker, William;surgeon LAPWING (2) 1762/3 & 1763/4, ADMIRAL STEVENS 1765, ADMIRAL WATSON;1766/7;;;;;
Walker, William (1776-);"b7 Aug 1776 Edinburgh; gunner’s servant PIGOT (2) 1788/9; midshipman DUKE OF";"MONTROSE 1791/2; in Royal Navy 4y; 3rd mate LADY JANE DUNDAS 1799/1800";;;;;
Walker, William Harrison (1796-);"bap 7 Apr 1796 Milton-next-Sittingbourne, Kent, s of Benjamin & Sarah; midshipman";"WARREN HASTINGS (3) 1810/1; midshipman CASTLE HUNTLEY 1813/4; 5th mate";"CASTLE HUNTLEY 1815/6; 3rd mate Windham to South America ly; 3rd mate MATILDA";"1818/9; 3rd mate REPULSE 1820/1 & 1822/3; 2nd mate REPULSE 1824/5; 1st mate";;;
"BRIDGEWATER (5) 1826/7 & 1828/9 (home from Bengal as passenger Caesar Jun 1830);";1st mate CHARLES GRANT 1831/2;;;;;;
Walkinshaw, James;purser MacQUEEN 1827/8 & 1829/30;;;;;;
Wall, John;purser ESSEX (1) 1725/6, GEORGE (3) 1727/8;;;;;;
Wall, Michael;4th mate MARQUIS OF WELLINGTON (2) 1814/5;;;;;;
Wall, Robert (-1736);"4th mate OKHAM 1730/1 & 1733/4; 3rd mate GRANTHAM (2) 1735/6; d 29 Nov 1736";;;;;;
Wall, Robert;;;;;;;
surgeon DRAKE (1) 1733/4 (from Jan 1735);;;;;;;
Wall, Sherman;"5th mate STAFFORD (1) 1746/7; 4th mate BRITANNIA (2) 1748/9; 3rd mate SALISBURY";"(1) 1752/3; 2nd mate STORMONT (1) 1755/6 & 1758/9";;;;;
Wall, Thomas (c1746-);"b in England; 2nd mate’s servant ROYAL CHARLOTTE (1) 1761/2; midshipman NORFOLK";"(2) 1763/4; 2nd mate Thetis to Smyrna 9m; 2nd mate Hananel to Genoa and Leghorn 9m;";"4th mate SPEAKER 1768/9; 3rd mate GODFREY (2) 1770/1; 2nd mate SPEKE 1773/4";"(approved 29 Oct 1773, aged 27); 1st mate WORCESTER (3) 1776/7; 1st mate VALENTINE";"(3) 1780/1 & 1783/4; Capt VALENTINE (3) 1785/6; Capt DUKE OF BUCCLEUGH (1)";1788/9, 1791/2, 1793/4, 1795/6, 1798/9 & 1800/1;
Wall, W Larton;surgeon JAMES SIBBALD 1827/8;;;;;;
Wall, Walter;surgeon DENHAM 1758/9;;;;;;
Wallace, Alexander;5th mate WINDHAM 1806/7;;;;;;
Wallace, James (-1743);"4th mate WARWICK (1) 1738/9; 3rd mate MONTFORT 1742/3; d 4 Oct 1743";;;;;;
Waller, William (1778-);"b 24 May 1778 Preston, Kent; seaman PONSBORNE (2) 1793/4; 6th mate CANTON 1795/6;";"4th mate WALMER CASTLE 1798/9; 1st mate PRINCESS MARY (2) 1800/1; 2nd mate";CANTON 1803/4;;;;
Walling, Charles (1763-);"bap 19 Feb 1763 St Paul’s Covent Garden, London, s of George & Mary; midshipman HAWKE";"(4) 1778/9; 5th mate EARL OF HERTFORD 1780/1, home from St Helena in GLATTON (2);";"midshipman Orestes sloop 4m; 5th mate PIGOT (2) 1782/3, run 16 Oct 1784; 3rd mate";MALABAR 1795/6;;;
Walling, John;5th mate PRINCESS MARY (1) 1744/5;;;;;;
Wallinger, Joseph (-c1738);"4th mate ANGLESEY 1737/8; drowned";;;;;;
Wallis, Aaron;Capt ZANT 1664/5;;;;;;
Wallis, Bagnal;"3rd mate DONEGAL 1707/8; 2nd mate MARLBOROUGH (2) 1711/2; 1st mate KENT (2)";"1714/5; 2nd mate CARDIGAN 1716/7; 1st mate MARLBOROUGH (2) 1718/9; 2nd mate";WINDHAM (1) 1724/5;;;;
Wallis, Cornelius;1st mate INDEFATIGABLE 1812/3;;;;;;
Wallis, Ferdinand (-1756);"3rd mate EARL OF HOLDERNESS 1754/5; d 21 Jun 1756";;;;;;
Wallis, Henry;3rd mate HERCULES (1) 1800/1;;;;;;
Wallis, John;2nd mate WENTWORTH 1707/8;;;;;;
Wallis, John;"Aga noah PRINCE; WHLLIAR (D) 1726/7; 3a made PRINCE, WULILIARL G0) 1729/30";;;;;;
Wallis, Thomas;"steward EXPEDITION (2) 1627/8; steward’s mate PALSGRAVE 1630/1";;;;;;
Wallis, William;1st mate EAST INDIA MERCHANT (3) 1698/9;;;;;;
Walmesley, William;5th mate ROYAL CHARLOTTE (1) 1764/5;;;;;;
Walmsley, Peter;"purser’s mate MARY (1) 1626/7; purser PEARL (2) 1631/2";;;;;;
Walpole, Richard;"6th mate & purser AUGUSTA 1744/5; 3rd mate SOMERSET 1747/8; Capt HOUGHTON (3)";1751/2 & 1754/5;;;;;
Want, John;surgeon WOODFORD (1) 1806/7;;;;;;
Ward, B;Capt CANADA 1811;;;;;;
Ward, Cary;purser CAESAR (1) 1678/9 & 1680/1;;;;;;
Ward, Charles (-1770);"5th mate YORK (2) 1753/4; 4th mate ROYAL DUKE 1755/6; 2nd mate LONDON (9)";"1759/60; 2nd mate SPEAKER 1762/3; 1st mate SPEAKER 1765/6; 1st mate HARCOURT (2)";"1767/8 & 1769/70; d 30 Oct 1770";;;;
Ward, David James (1802-);"b 27 Oct 1802 Bengal; midshipman ASIA (6) 1817/8 & 1819/20; 5t mate SIR DAVID SCOTT";"1821/2; 4th mate SIR DAVID SCOTT 1823/4; 3rd mate SIR DAVID SCOTT 1825/6; 2nd mate";"SIR DAVID SCOTT 1827/8; Capt SIR DAVID SCOTT 1829/30 & 1831/2";;;;
Ward, Edward (-1762);"2nd mate KING WILLIAM (3) 1740/1; 1st mate WARWICK (1) 1742/3 & 1745/6; Capt";"YORK (1) 1749/50; Capt YORK (2) 1753/4; EIC Director 1762/3; d 18 Sep 1762";m Ann;;;;
Ward, Edward;purser NORFOLK (1) 1760/1;;;;;;
Ward, Edward;4th mate NORTHUMBERLAND (5) 1814/5;;;;;;
Ward, George;"5th mate ROCKINGHAM (1) 1799/1800; run 6 Nov 1801";;;;;;
Ward, Henry Norcott;surgeon BRIDGEWATER (3) 1785/6;;;;;;
Ward, James;"3rd mate SWALLOW (2) 1747/8; 3rd mate KENT (3) 1749/50; 2nd mate ILCHESTER";"1753/4; 1st mate ILCHESTER 1756/7; Capt PLASSEY 1760/1 & 1762/3";;;;;
Ward, James;5th mate DUKE OF ALBANY 1768/9;;;;;;
Ward, John (-1741);"3rd mate HAESLINGFIELD 1738/9; d 10 Mar 1741";;;;;;
Ward, John;"4th mate DRAKE (3) 1751/2; 5th mate HARDWICKE (1) 1753/4";;;;;;
Ward, John;purser SIR GODFREY WEBSTER 1811/2, WARREN HASTINGS (5) 1814/5,;CARMARTHEN 1816/7, BRIDGEWATER (5) 1818/9, ROYAL GEORGE (5) 1820/1 &;1822/3;;;;
Ward, Joseph (-1798);"surgeon LONDON (12) 1775/6; run 20 Feb 1777; Bengal Asst Surgeon 1 Dec 1777; Surgeon";"19 Nov 1781; invalided 25 Jul 1789; resigned 19 Feb 1794; d Feb 1798 London";;;;;
Wardlaw, Ralph;"5th mate ADMIRAL VERNON 1744/5; run 15 Jan 1746";;;;;;
Wardlaw, Robert (1772-);"bo May & bap 19 May Rileongubar, Bast Fits, s af Capt William Elizabeth, of Grange;";"midshipman MELVILLE CASTLE 1786/7 & 1788/9; 6th mate LORD CAMDEN (2) 1790/1;";"3rd mate MARQUIS OF LANSDOWN 1792/3; 2nd mate MARQUIS OF LANSDOWN";"1794/5; Capt ASIA (4) 1798/9, 1800/1 & 1805/6";;;
Wardroper, Arthur;"4th mate AISLABIE 1727/8; 2nd mate AISLABIE 1730/1; 2nd mate GEORGE (3) 1733/4;";2nd mate HAESLINGFIELD 1735/6;;;;;
Ware, John;4th mate COMET (2) 1802/3;;;;;;
Ware, William;2nd mate ANNA (1) 1706/7;;;;;;
Ware, William Watson (1783-1805);"b 17 Dec 1783 & bap 18 Jan 1784 St Luke’s, Chelsea, Middx, s of Thomas & Esther; 4th mate";"LADY JANE DUNDAS 1803/4; d 7 Feb 1805";;;;;
Warham, Ambrose;"4th mate HAVANNAH 1765/6; 3rd mate HAVANNAH 1768/9";;;;;;
Warham, Mallory;"2nd mate EYLES 1724/5 & 1728/9; 1st mate EYLES 1731/2";;;;;;
Waring, John Arthur (1808-);"6 Ape & bep 4 May 1908 Barnes, Sumey, s af Joseph & Amns; surgeon's mate ROSE (4)";"1830/1; surgeon ROSE (4) 1832/3";;;;;
Waring, Thomas;4th mate COMET (2) 1804/5;;;;;;
Waring, William;"Capt AMAZON 1796/7; d 9 Mar 1797";;;;;;
Warner, Armiger;2nd mate WILLIAMSON 1686/7;;;;;;
Warner, Daniel;"b in London; seaman & mate in American trade 4y 6m; 1st mate William to America ly 6m,";4th mate LOCKO 1780/1;;;;;
Warner, John (-1737);"5th mate BEAUFORT (2) 1734/5; 3rd mate GRAFTON 1736/7; ship lost c.30 Sep 1737";;;;;;
Warner, Richard (-1687);"Capt WILLIAMSON 1681/2, 1683/4 & 1686/7; d 17 Aug 1687 Madras";;;;;;
Warner, Robert Edward (1805-);"b 11 Sep 1805 West Indies; midshipman WINDSOR (2) 1820/1; 5th mate WINDSOR (2)";"1822/3 & 1824/5; 4th mate WINDSOR (2) 1826/7; 3rd mate WINDSOR (2) 1828/9; 2nd mate";"DUKE OF YORK (2) 1830/1; 1st mate DUKE OF YORK (2) 1832/3";;;;
Warrington, Samuel (c1758-1791);"seaman Polly (9m) and Nelly (9m) to West Indies; 3rd mate Hannaneel to Straits ly 4m;";"3rd mate Earl Cornwallis to Straits 7m; 5th mate DUKE OF GRAFTON 1778/9, remained at";"Bombay 2 Jul 1780, home as 3rd mate CONTRACTOR; 2nd mate HILLSBOROUGH (2)";"1783/4 (approved 6 Nov 1783, aged 25); 1st mate HILLSBOROUGH (2) 1785/6; 1st mate";;;
FOULIS 1789/90, ship lost 1791;;;;;;;
Warry, John (c1758-);"b in England; seaman EARL OF OXFORD 1778/9; 5th mate EUROPE (2) 1781/2; 4th mate";"EUROPA (2) 1785/6 (approved 21 Dec 1785, aged 27); 3rd mate KING GEORGE (4) 1788/9;";"1st mate INDIAN TRADER 1794/5; 2nd mate THAMES (2) 1795/6 & 1798/9";;;;
Warwick, William;"6th mate CHARLES GRANT 1814/5; 1st mate COROMANDEL (2) 1819/20";;;;;;
Washborne, John;5th mate ORFORD 1747/8;;;;;;
Washbourn, Robert (1806-1837);"b 5 Feb 1806; MRCS 1827; surgeon MALCOLM 1827/8; Bengal Asst Surgeon 22 Dec 1829;";"pensioned 15 Dec 1834; d 28 Dec 1837 Stroud, Glos";;;;;
Washington, Thomas;purser NATHANIEL (2) 1708/9;;;;;;
Wasmus, Charles (-1800);"Surgeon’s mate in Bengal 1753; surgeon MERCURY (1) 1775/6; Surgeon at Benkulen 1 Jan";"1779; pensioned 31 Dec 1796; d 1800 Calcutta";;;;;
Wasse, Edward (-1784);"5th mate EARL OF MANSFIELD 1783/4; killed 5 May 1784";;;;;;
Wasse, Leonard (1779-);"b 19 Nov 1779 & bap 27 Oct 1780 Blandford Forum, Dorset, s of Charles & Elizabeth; Capt’s";"servant ALFRED (2) 1793/4; midshipman ALFRED (2) 1795/6; 5th mate LORD";"HAWKESBURY 1798/9; 4th mate LORD HAWKESBURY 1800/1; 3rd mate BRUNSWICK";"1803/4; 2nd mate LORD ELDON 1805/6; 1st mate TRAVERS 1807/8; 1st mate PRESTON";"1809/10; 1st mate WARREN HASTINGS (3) 1813/4; petitioned Poplar Fund 1825";;
Wassell, William;5th mate EDGEBASTON 1752/3;;;;;;
Waterman, Giles;master SWALLOW 1631/2;;;;;;
Waterman, Henry;5th mate MONTAGU (1) 1707/8;;;;;;
Waterman, John;"4th mate TOTTENHAM 1805/6; run 20 Feb 1807";;;;;;
Waters, David;purser CERES (1) 1781/2, EARL TALBOT (1) 1784/5;;;;;;
Waters, James;1st mate GABRIEL 1799;;;;;;
Watling, Edmund Utling (1768-);"b 11 Mar 1768 Sotterley, Suffolk; midshipman BARWELL 1789/90; 6th mate BARWELL";"1789/90; 2nd mate in Baltic trade 9m; 4th mate BARWELL 1792/3; 2nd mate BARWELL";"1794/5; 2nd mate CHARLTON 1798/9; 2nd mate CASTLE EDEN 1804/5; 2nd mate LORD";"HAWKESBURY 1806/7; 2nd mate TAUNTON CASTLE 1808/9";;;
Watson, Alexander;"5th mate GREENWICH (2) 1766/7; 3rd mate SPEAKER 1768/9";;;;;;
Watson, Alexander George;purser LORD CASTLEREAGH (1) 1802/3, 1805/6 & 1807/8, MARCHIONESS OF EXETER;"1810/1; COUTTS 1813/4";;;;;
Watson, Charles (-1772);"purser PIGOT (1) 1768/9; 5th mate PIGOT (1) 1770/1; d 22 Jul 1772";;;;;;
Watson, Charles Henry;4th mate INDUS 1803/4;;;;;;
Watson, David Blackmore (1790-);"bap 17 Apr 1790 Cheshunt, Herts, s of Alexander & Elizabeth; midshipman MARCHIONESS";"He OF EXETER 1803/4; midshipman WINCHELSEA (3) 1805/6; midshipman GEORGIANA (1)";"1809/1; 3rd mate DIANA (2) 1809/10";;;;
Watson, Dick (c1757-);senitan Grenville Bay two yoyages to Greanda ly 2m, seaman Willian & Blizabedh 130 yorges;"to Antigua ly 3m; midshipman GATTON 1777/8; 4th mate BELLMONT 1779/80 (approved";;;;;
10 Mar 1780, aged 22);;;;;;;
Watson, Edward;"surgeon ROYAL ADMIRAL (1) 1777/8, 1779/80 & 17783/4, MANSHIP (1) 1787/8; ROYAL";"ADMIRAL (1) 1789/90; ROCKINGHAM (1) 1791/2; TAUNTON CASTLE 1793/4";;;;;
I 4) Watson, Gabriel;surgeon ORIENT 1822/3;;;;;;
Watson, George;purser HINCHINBROOKE 1780/1;;;;;;
Watson, George;surgeon RICHMOND (2) 1819/20;;;;;;
Watson, George G;purser EUROPE (2) 1813/4;;;;;;
Watson, Henry (-1715);"surgeon NATHANIEL (2) 1714/5; d 11 Oct 1715";;;;;;
Watson, Henry;surgeon WILLIAM MONEY 1832/3;;;;;;
Watson, William (c1756-);"b in England; midshipman PRIME 1772/3; seaman Darnold to Russia 6m; seaman Samuel in";"coasting tence 4m; matdlshiemen RIMS 1776/7; <th mate PRIDE WPS Caporoved 1° Mar";"1779, aged 22); 3rd mate FAIRFORD 1781/2, home from Bombay as 4th mate ROYAL";"HENRY; 3rd mate GENERAL ELIOTT 1784/5; 2nd mate MELVILLE CASTLE 1786/7";;;
Watson, William (1787-1812);"b 19 Cet & bap 36 Oct 17S7 St Michael Cosking, Norwich, s of Thomas && Rebeces; eaman";"ARNISTON 1801/2; midshipman ARNISTON 1803/4; 4th mate FAME (3) 1805/6; 4th mate";"CANTON 1807/8; Capt GENERAL GRAHAM 1811/2; d 5 Nov 1812";;;;
Watt, James;surgeon BARWELL 1792/3 & 1794/5, CHARLTON 1798/9, WALPOLE (5) 1800/1;;;;;;
Watt, James;purser MANSHIP (1) 1793/4 & 1795/6;;;;;;
Watt, James;4th mate HARLESTON 1810/1;;;;;;
Watt, John;1st mate JOHN & JAMES 1794/5;;;;;;
Watterer, -?-;1st mate WELCOME 1652/3;;;;;;
Watts, Alexander;;;;;;;
purser CUMBERLAND 1812/3 (from Mar 1814), WILLIAM PITT (2) 1814/5;;;;;;;
Watts, Bartholomew (-1711);"2nd mate STRINGER 1709/10; d 31 May 1711";;;;;;
Watts, Daniel;"purser TRITON (1) 1759/60; run 3 Oct 1760";;;;;;
Watts, Edward;3rd mate HENRY PORCHER 1817/8;;;;;;
Watts, George Warren;surgeon DORSETSHIRE 1799/1800, NEPTUNE (5) 1801/2, MARQUIS OF ELY 1803/4 &;1805/6;;;;;
Watts, Henry;"4fln mate & pumver MRUNCTESS ANUSILIA (1) 1710S; Sudl evate & poser PIMINCIESS AMTDNLIA";"(1) 1721/2; Sidi mate MARY (7) 192586; 2nd mate PRINCESS CARGILINE 1728/9; purser";"MARY (7) 1731/2; Capt SWIFT 1741/2 & 1742/3; Capt LAPWING (1) 1743/4";;;;
Watts, John (1795-);"b 25 Nov 1795 Rodborough, Glos, s of Richard & Priscilla; 3rd mate ALEXANDER (3) 1815/6";;;;;;
Watts, John R;"Och mate TONS GRENVILLE 18189; 5th noate SATERLOG; (2) WS2O/1; and mate";THOMAS GRENVILLE 1822/3 & 1824/5;;;;;
Watts, Joseph;"5th mate CEYLON 1802/3; run 10 Jan 1804";;;;;;
Weale, Edward;surgeon ESSEX (4) 1787/8, HAWKE (5) 1789/90, WARLEY (1) 1792/3;;;;;;
Weale, Thomas;5th mate HECTOR (2) 1750/1;;;;;;
Wear, Joshua (1778-);"b 14 Sep 1778 pa St John’s, Hackney, Middx; seaman WALPOLE (5) 1797/8; 4th mate";"HERCULEAN 1799/1800; 4th mate ALNWICK CASTLE 1801/2; 3rd mate FAME (3)";"1803/4; 1st mate FAME (3) 1805/6; 1st mate ANN (1) 1806/7";;;;
Weatherhead, Samuel;6th mate ROCKINGHAM (1) 1785/6;;;;;;
Weathrall, MT;Capt PRINCE BLUCHER 1817;;;;;;
Weaver, Samuel (-1808);"purser THAMES (2) 1803/4 & 1805/6; d 16 Jan 1808";;;;;;
Webb, Ambrose;surgeon AVERILLA 1713/4;;;;;;
Webb, Daniel (c1744-1780);"one voyage to India; 5th mate DUTTON (1) 1764/5; 3rd mate LONDON (11) 1766/7; 1st mate";"LONDON (12) 1770/1; Capt LONDON (12) 1775/6 (approved 6 Sep 1775, aged 31) & 1778/9;";"Capt LONDON (13) 1779/80; d 3 Nov 1780";;;;
Webb, Edward (cl763-);"b in Scotland; apprentice in coal trade 3y; seaman (2y) & mate (ly) in America and West Indies";"trade; midshipman in Royal Navy 2y; examined as 4th mate BESSBOROUGH 16 Mar 1786,";;;;;
aged 23, not qualified;;;;;;;
Webb, George;5th mate ASIA (5) 1793;;;;;;
Webb, George;purser ADMIRAL APLIN 1801/2 & 1802/3, ALBION (2) 1804/5, PERSEVERANCE (2);1808/9, 1810/1 & 1812/3, REGENT 1815/6;;;;;
Webb, John;5th mate MONTAGU (2) 1729/30;;;;;;
Webb, John;"3rd mate DRAKE (3) 1754/5; 2nd mate WARWICK (2) 1756/7; Capt LONDON (9) 1759/60;";"Capt LONDON (11) 1763/4; Capt LONDON (12) 1770/1; subsequently a Principal Managing";Owner;;;;
Webb, Nicholas;"4th mate ESSEX (1) 1716/7; 2nd mate SUNDERLAND 1718/9; 2nd mate MACCLESFIELD";(2) 1720/1;;;;;
Webb, Nicholas;"4th mate BEAUFORT (2) 1743/4; 2nd mate WARWICK (1) 1745/6; Capt WARWICK (2)";;;;;;
1750/1, 1753/4 & 1756/7;;;;;;;
Webster, Thomas (-1749);"2nd mate ADMIRAL VERNON 1744/5; 1st mate ADMIRAL VERNON 1747/8; d 23 May";1749;;;;;
Webster, William;4th mate DUKE OF DORSET (2) 1747/8;;;;;;
Weddale, Samuel;purser VALENTINE (3) 1780/1;;;;;;
Weddell, Edward;purser WALMER CASTLE 1805/6;;;;;;
Weddell, Henry R;5th mate WALMER CASTLE 1805/6;;;;;;
Weddell, John;"master LION 1617/8; master JONAS (1) 1621/2; Capt CHARLES (1) 1628/9; Capt JONAS (1)";"1631/2; commanded Courteen Association Fleet 1636-38";;;;;
Wedderburn, Peter (1780-);"b 22 Sep 1780 Inveresk, East Lothian; seaman to St Petersburg 6m; midshipman & 4th mate";"COUTTS 1799/1800; 3rd mate GLATTON (4) 1801/2; 2nd mate GLATTON (4) 1803/4; Capt";ARNISTON 1805/6;;;;
Wedgbrough, John;Capt PRINCESS ROYAL (5) 1797;;;;;;
Wedmore, Richard;master REFORMATION 1621/2;;;;;;
Weeding, Thomas;surgeon BODDAM 1795/6, GLATTON (4) 1798/9, 1801/2 & 1803/4;;;;;;
Weeding, Thomas;purser ALEXANDER (3) 1807/8;;;;;;
Weedon, John;purser DUKE OF ALBANY 1771/2;;;;;;
Weeks, Abraham;5th mate HEATHCOTE (3) 1736/7;;;;;;
Weeks, William;2nd mate EDGECOTE 1747/8;;;;;;
Weeks, William;5th mate TALBOT 1762/3;;;;;;
Weigham, William;1st mate RISING SUN 1700/1;;;;;;
Weir, Dickey;5th mate RESOLUTION (3) 1769/70;;;;;;
Weir, John;"surgeon GRANTHAM (2) 1728/9, transf to DRAKE (1) 8 Jan 1730; run 12 Aug 1731";;;;;;
Wellard, Charles;4th mate LORD HOLLAND (1) 1766/7;;;;;;
Wellbank or Welbank, Robert (1778-);"bap 4 Feb 1778 St Botolph Bishopsgate, London, aged 18d, s of William & Jemina; Capt’s";"servant HILLSBOROUGH (2) 1792/3; 6th mate CIRENCESTER 1794/5; 4th mate COUTTS";"1796/7; 3rd mate WOODFORD (1) 1798/9; 2nd mate WOODFORD (1) 1800/1; 1st mate";"WOODFORD (1) 1802/3; Capt CUFFNELLS 1806/7, 1808/9, 1811/2 & 1814/5";;;
Wellbank, Thomas sen;"Capt POTTON 1814/5; Capt REGRET 1819/20; Capt POTTON 1822/3; Capt RECOVERY";(4) 1831/2;;;;;
Wellbank, Thomas jun;3rd mate REGENT 1819/20;;;;;;
Wellen, John;2nd mate ATLAS (2) 1801/2;;;;;;
Weller, Charles (1780-);b 1 Jul & bap 18 Jul 1780 St Paul’s, Deptford, Kent, s of William Walterley, maltster, &;"Elizabeth, of Church St; apprentice in east country trade 3y; 6th mate PRINCESS";"CHARLOTTE (1) 1797/8; 3rd mate EARL HOWE 1800/1; 3rd mate CERES (4) 1803/4;";"1st mate SIR WILLIAM BENSLEY 1805/6 & 1807/8; 1st mate HUDDART 1809/10 & 1812/3;";"Capt HUDDART 1814/5 & 1816/7; Capt & Principal Managing Owner ALBION (4) 1820/1 &";1824/5;
Weller, John (c1745-);"seaman LATHAM (1) 1759/60; seaman GROSVENOR (1) 1761/2; midshipman";"GROSVENOR (1) 1764/5; seaman in country ship Mary 10m; midshipman EUROPA (1)";"1766/7 & 1769/70, home as 2nd mate LAPWING (3); 2nd mate LAPWING (3) 1771/2";(approved 31 Jul 1771, aged 26);;;
Weller, William;purser WORCESTER (4) 1797/8, MANSHIP (2) 1800/1;;;;;;
Wells, -?-;3rd mate STAKESBY 1829/30;;;;;;
Wells, Abbis (-1714);"purser SUSANNA (2) 1712/3; d 10 Mar 1714";;;;;;
Wells, George;surgeon TIGRIS (2) 1806/7;;;;;;
Wells, John (1774-);"b 17 Oct & bap 17 Nov 1774 St Martin’s Ludgate, London, s of Joseph & Mary; seaman";"VALENTINE (3) 1788/9; seaman Augustus Caesar to West Indies 8m; midshipman";"VALENTINE (3) 1791/2; 5th mate THETIS (1) 1793/4; 4th mate THETIS (1) 1795/6;";2nd mate DUBLIN 1797/8;;;
Wells, Jonah Smith;purser UNION (4) 1814/5 & 1816/7;;;;;;
Wells, Peter;5th mate ST GEORGE (3) 1750/1;;;;;;
Welstead, George (1772-1829);"bap 14 Jan 1772 St Mary Whitechapel, London, s of George & Elizabeth, of Prescot St;";"midshipman PRINCESS ROYAL (3) 1786/7; seaman & 3rd mate Hero and Boyd to West Indies";"ly 6m; 6th mate PRINCESS ROYAL (3) 1789/90; 2nd mate to Oporto 2m; 4th mate";"PRINCESS ROYAL (3) 1792/3, home from Bengal as 3rd mate PITT (2); 2nd mate PITT (2)";"1795/6, transf to SIR STEPHEN LUSHINGTON 7 Nov 1797; 1st mate BENGAL (2)";"1799/1800; Capt TELLICHERRY 1801/2; Capt EUPHRATES 1802/3; Capt ALFRED (2)";"1806/7 & 1809/10; Capt GENERAL HARRIS 1814/5, 1816/7, 1818/9, 1820/1 & 1823/4;"
d 4 Nov 1829 (then of Wormley, Herts);;;;;;;
Weltden, Anthony;Capt CURTANA 1685/6;;;;;;
Weltden, George (1773-);"b 18 Dec 1773 St Petersburg, Russia; seaman & 2nd mate in Baltic trade 4y; midshipman";"QUEEN (4) 1789/90; 5th mate BARWELL 1792/3; 3rd mate BARWELL 1794/5; 2nd mate";"LORD THURLOW 1796/7; 1st mate HUGH INGLIS 1799/1800; Capt MINERVA (5) 1801/2;";Capt INDUS 1803/4, 1805/6, 1807/8, 1809/10, 1811/2 & 1813/4;;;
Welton, William;surgeon STAKESBY 1829/30;;;;;;
Wemyss, Charles (1768-);"b 2 Jun 1768 Wemyss Castle, Fife; in Royal Navy 6y 9m; midshipman to Newfoundland 2y;";"5th mate BRITANNIA (4) 1788/9; 4th mate BRITANNIA (4) 1790/1";;;;;
Wemyss, Francis (1766-);"b 22 Nov 1766 Edinburgh, s of William, gent, Clerk of the Signet; apprentice Mary to";"St Petersburg 7m; four voyages in Straits trade Sy; 5th mate HENRY DUNDAS 1786/7; 3rd mate";WALPOLE (4) 1788/9;;;;
Wemyss, John;5th mate DUKE OF ALBANY 1765/6;;;;;;
Wemyss, Robert;5th mate PHOENIX (5) 1813/4;;;;;;
Wemyss, Walter;surgeon DUKE OF DORSET (1) 1736/7, PRINCE WILLIAM (2) 1738/9, LYNN (2) 1741/2,;GODOLPHIN (2) 1743/4;;;;;
Wendell, Edmund;"2nd mate POCOCK 1758/9; 1st mate DUTTON (1) 1764/5";;;;;;
Wenham, James;Sh mats ASIA €) WO];;;;;;
Wensley, James;"surgeon WAGER (2) 1750/1, STORMONT (1) 1755/6 & 1758/9; Surgeon at Bombay 19 Aug";"1760; transferred to Bengal 12 Nov 1764; rejoined at Bombay 25 Feb 1767; home on";GREENE @) Ave 1768;;;;
Were, Thomas Narramore (1806-);"b 16 Aug 1806 Wellington, Somerset; midshipman BRIDGEWATER (5) 1822/3; 3rd mate";"MALCOLM 1825; 5th mate GENERAL HARRIS 1825/6; 4th mate GENERAL HARRIS";"1827/8; 3rd mate MacQUEEN 1829/30";;;;
Westcott, Foss;purser SCARBOROUGH (1) 1737/8;;;;;;
Westcott, George sen (-1746);"2nd mate AURENGZEBE 1710/1; 1st mate AURENGZEBE 1713/4; 1st mate PRINCESS";"ANNE 1716/7; Capt STREATHAM (2) 1720/1, 1723/4, 1727/8 & 1730/1; Capt";"SCARBOROUGH (1) 1734/5 & 1737/8, Capt SCARBOROUGH (2) 1740/1 & 1744/5;";d 18 Jun 1746;;;
Westcott, George jun;"purser STREATHAM (2) 1727/8 & 1730/1; 3rd mate SCARBOROUGH (1) 1734/5; 1st mate";"SCARBOROUGH (2) 1740/1; Capt PRINCE OF ORANGE (2) 1744/5";;;;;
Westcott, John;1st mate BARNARDISTON 1681/2;;;;;;
Westcott, William (1802-);"bap 16 Jul 1802 Barnstaple, Devon, s of William & Betsy; surgeon’s mate BOMBAY (3) 1824/5;";surgeon BOMBAY (3) 1826/7, WILLIAM FAIRLIE 1829/30;;;;;
Westerbane, William (-1726);"1st mate DRAKE (1) 1720/1; Capt DRAKE (1) 1724/5; d 14 Sep 1726";;;;;;
Westerburg, John;3rd mate PRINCESS ROYAL (4) 1796/7;;;;;;
Western, John;"3rd mate PONSBORNE (1) 1770/1; run 3 Dec 1771";;;;;;
Western, Roger Peter (1772-);"bS Des 1772 & bap 2 May 1773 Welest, Bath, sof Thomas, Esq, & Jane; Capt’s servant";"WILLIAM PITT (1) 1787/8 & 1789/90; 6th mate LORD MACARTNEY 1791/2; 3rd mate";"EARL OF WYCOMBE 1793/4; 3rd mate WILLIAM PITT (1) 1795/6; 2nd mate WILLIAM";"PITT (1) 1798/9; 1st mate DUKE OF MONTROSE 1800/1; 1st mate ALFRED (2) 1802/3;";"1st mate COUTTS 1804/5; 1st mate CUFFNELLS 1806/7";;
Westfield, Arundel;surgeon CONSTANTINOPLE MERCHANT 1667/8;;;;;;
Weston, Charles;purser HERNE (3) 1707/8, HEATHCOTE (1) 1710/1;;;;;;
Weston, Michael;surgeon KING WILLIAM (3) 1733/4, DECKER 1736/7;;;;;;
Weston, T C;"6th mate NEPTUNE (5) 1805/6; run 15 Aug 1806";;;;;;
Weston, William;"5th mate DEVONSHIRE (1) 1729/30; 4th mate PRINCE AUGUSTUS 1732/3; 1st mate";"HARRINGTON 1735/6; Capt RICHMOND (1) 1738/9; Capt EXETER (1) 1742/3 & 1745/6";;;;;
Westropp, Berkeley;1st mate LORD HUNGERFORD 1826/7;;;;;;
Wheatley, William Henry (c1755-);"b in England; seaman Caroline packet 5m; Capt’s servant EUROPE (1) 1769/70; 2nd mate";"Lady’s Adventure to Barbados ly; midshipman EUROPA (1) 1772/3; 2nd mate Earl of Grenville";"to Oporto Sm; 2nd mate Worcester to Barbados ly, midshipman & mate HMS Ardent ly 6m;";"master HMS Hawke, Valiant, Serapis, Alarm, Resource and Dictator 8y; 2nd mate FRANCIS (2)";"1786/7 (approved 5 Dec 1786, aged 31); 1st mate EUROPA (2) 1788/9; run 3 Jan 1790";;
Wheeler, John (-1730);"surgeon DUKE OF YORK (1) 1728/9; d 13 Oct 1730";;;;;;
Wheeler, Richard (c1751-);"b in Ireland; apprentice in Jamaica trade 7y; 2nd mate Sally in Jamaica trade 10m; 1st mate Mars";"two voyages to Jamaica ly 2m; 1st mate St James Planter to Jamaica 10m; 5th mate";"SOUTHAMPTON 1777/8; 2nd mate ANN & AMELIA (1) 1781/2 (approved 30 Nov 1781,";aged 30);;;
Wheeler, Richard;4th mate KENT (5) 1781/2;;;;;;
Wheeler, William (c1742-);"4th mate CALCUTTA (1) 1766/7; 2nd mate CALCUTTA (2) 1770/1; 1st mate KENT (4)";"1772/3 (approved 16 Dec 1772, aged 30); 1st mate ALFRED (1) 1776/7 & 1778/9";;;;;
Wheelwright, Joseph (c1762-);"b in America; apprentice Escape two voyages to Tobago 2y 6m; apprentice Diana to Jamaica ly";"6m; 4th mate WORCESTER (3) 1781/2 (approved 24 Oct 1781, aged 19)";;;;;
Whiffen, C;2nd mate PARMELIA 1826/7;;;;;;
Whincop, Edward;6th mate WILMINGTON 1726/7;;;;;;
Whistler, James;"6th mate BERWICKSHIRE 1821/2; 5th mate BERWICKSHIRE 1823/4";;;;;;
Whistler, Ralph;surgeon GRANTHAM (1) 1717/8;;;;;;
Whistler, Ralph;4th mate COMPTON 1722/3;;;;;;
Whiston, Thomas H;6th mate EDINBURGH 1829/30;;;;;;
Whitaker, Matthew James;"6th mate ESSEX (5) 1810/1; 4th mate ESSEX (5) 1812/3";;;;;;
Whitaker, William (-1721);"5th mate KING GEORGE (1) 1715/6; Capt DRAKE (1) 1720/1; d 26 Jul 1721";;;;;;
Whitcombe, Edmund;"surgeon EARL TALBOT (2) 1796/7; surgeon ALBION (2) 1798/9; surgeon HOPE (2) 1800/1";& 1802/3;;;;;
Whitcombe, Thomas;"3rd mate TANKERVILLE 1705/6; run 18 Oct 1706";;;;;;
White, Henry;"3rd mate RECOVERY 1707/8; 2nd mate RECOVERY 1711/2; 1st mate KING WILLIAM (2)";1715/6;;;;;
White, James;surgeon HENRY DUNDAS 1796/7;;;;;;
White, James (1789-);"b 9 Aug & bap 19 Aug 1789 St Mary the Virgin, Dover, s of James & Elizabeth; 4th mate";"OCEAN (6) 1807/8; 3rd mate GENERAL STUART 1810/1; 1st mate OCEAN (6) 1812/3;";1st mate HUDDART 1814/5;;;;
White, James Christopher (1771-1806);"bap 29 Aug 1771 St Mary’s Whitechapel, London, s of William & Sarah, of High St; seaman &";"mate in Baltic trade 4y; carpenter’s servant ROCKINGHAM (1) 1785/6; 1st mate’s servant";"BRIDGEWATER (3) 1787/8; 2nd mate Active to Botany Bay 2y 3m; 2nd mate Indispensible to";"Botany Bay and China ly 8m; 3rd mate GOOD HOPE (3) 1795/6; 2nd mate GOOD HOPE (3)";"1797/8; 1st mate TRAVERS 1799/1800; 2nd mate EARL HOWE 1802/3, transf to LORD";"DUNCAN 12 Oct 1803; 2nd mate DORSETSHIRE 1804/5; d 16 Apr 1806";
White, John;"master JAMES ROYAL 1631-33; master BLESSING and HOPEWELL (2) 1633/4";;;;;;
White, John;"6th mate STREATHAM (3) 1746/7; 3rd mate CAESAR (4) 1746/7; 1st mate ILCHESTER";"1749/50; 1st mate HECTOR (2) 1755/6";;;;;
White, John;purser ELIZABETH (3) 1752/3;;;;;;
White, John;surgeon WALPOLE (3) 1755/6;;;;;;
White, John sen;"5th mate ROYAL DUKE 1755/6; 4th mate ROYAL DUKE 1759/60; 1st mate OSTERLEY (1)";"1760/1; Capt HAVANNAH 1768/9 & 1771/2; Capt EARL OF OXFORD 1778/9";;;;;
White, John jun (c1739-1789);"one voyage to India; 4th mate CLIVE 1761/2; 3rd mate CLIVE 1764/5; 1st mate DUKE OF";"KINGSTON (1) 1765/6; 2nd mate VALENTINE (2) 1767/8; 1st mate HAVANNAH 1769/70";"(approved 24 Oct 1769, aged 30) & 1771/2; 1st mate HILLSBOROUGH (1) 1774/5; 1st mate";"CERES (1) 1776/7; 1st mate EARL OF OXFORD 1778/9; Capt EARL OF OXFORD 1782/3,";"1785/6 & 1788/9; d 10 Oct 1789";;
White, Jeha (19663;"bap 2 Sep 1766 Fawkham, Kent, s of Rev James & Ann; midshipman HMS Britannia and Trusty";"3y 6m; seaman Friendship to West Indies 8m; seaman BELLMONT 1784/5; 6th mate";"HARTWELL 1786/7; 2nd mate William & Elizabeth to West Indies 7m; examined as 4th mate";MIDDLESEX (2) 7 Jan 1789, not qualified;;;
White, John;"6th mate HOUGHTON (5) 1782/3; run 18 Aug 1783";;;;;;
White, John;purser TAUNTON CASTLE 1793/4;;;;;;
White, William (1752-);"b 15 Aug 1752 Ide, Devon; seaman DUKE OF KINGSTON (1) 1765/6; seaman VALENTINE";"(2) 1767/8; 5th mate VALENTINE (2) 1769/70; 3rd mate GRANBY 1771/2; 2nd mate TRUE";"BRITON (3) 1773/4; 2nd mate VALENTINE (2) 1776/7; 1st mate PIGOT (2) 1779/80;";"lst mate EARL OF OXFORD 1782/3, 1785/6 & 1788/9; Capt EARL OF OXFORD 1792/3";;;
White, William;5th mate COUTTS 1804/5;;;;;;
White, William Tryon (1772-);"b Dec 1772 New York; Capt’s servant GENERAL ELIOTT 1788/9; seaman DEPTFORD (2)";"1790/1; 5th mate OSTERLEY (3) 1792/3; 3rd mate Middlesex to West Indies ly, 2nd mate";"MARQUIS OF LANSDOWN 1796/7; Capt MARQUIS OF LANSDOWN 1798/9";;;;
Whitehead, Walter Horrocks (1796-);"b 14 Aug & bap 25 Sep 1796 Preston, Lancs, s of John & Mary; midshipman MARQUIS";"CAMDEN 1812/3; 6th mate MARQUIS CAMDEN 1814/5; 4th mate BOMBAY (3) 1816/7;";"3rd mate BOMBAY (3) 1818/9; 2nd mate BOMBAY (3) 1820/1; 2nd mate FARQUHARSON";"1822/3 & 1824/5; Capt DUKE OF SUSSEX 1826/7, 1828/9, 1830/1 & 1832/3";;;
Whitehorne, William;Capt RETURN 1667/8 & 1669/70;;;;;;
Whiteman, John Clarmont (1797-);bap 19 Jun 1797 St Mary Abbotts, Kensington, s of Andrew & Martha, of Jamaica (residing in;"Brompton); midshipman CAMBRIDGE 1810/1; 5th mate CERES (4) 1814/5; 4th mate";"DUNIRA 1817/8; 3rd mate DUNIRA 1819/20; 2nd mate DUNIRA 1821/2; 1st mate";"GENERAL HARRIS 1823/4; Capt HEREFORDSHIRE 1826/7";;;
Whitesett, James;purser ISABELLA (1) 1794/5 & 1795/6, VARUNA 1800, GENERAL STUART 1800/1,;CASTLE EDEN 1804/5;;;;;
Whiteway, John (cl747-);"apprentice in Hamburg trade 3y; seaman ANSON (3) 1763/4; 5th mate HAVANNAH 1768/9;";"3rd mate CLIVE 1770/1; seaman CERES (1) 1773/4; 4th mate MARQUIS OF";ROCKINGHAM (2) 1775/6 (approved 21 Feb 1776, aged 28);;;;
Whitewood, Charles (c1750-);"b in England apprentice Speedwell in Straits trade; in Marquis of Rockingham to West Indies 5y;";"lst mate HMS Felicity 5y; master Felicity in Transport Service Sy; approved as 3rd mate";HALSEWELL 23 Oct 1782, aged 32, resigned 11 Dec;;;;
Whitfield, Francis;5th mate LORD WALSINGHAM 1786/7;;;;;;
Whitfield, James;3rd mate ENFIELD 1728/9;;;;;;
Whitfield, James;"5th mate EARL OF ASHBURNHAM 1765/6; run 19 Jul 1766";;;;;;
Whitford, Adam (-1751);purser SALISBURY (1) 1745/6, DUKE OF CUMBERLAND (2) 1749/50, DUKE OF;"DORSET (2) 1750/1; d 25 Nov 1751";;;;;
Wickham, Richard (-1618);"factor in Japan; master ADVICE (1) 1617; d autumn 1618 Bantam";;;;;;
Widdrington, John;"2nd mate HAESLINGFIELD 1738/9; 2nd mate PRINCESS OF WALES (2) 1742/3; 1st mate";BOMBAY CASTLE (1) 1745/6;;;;;
Widdrington, Thomas;4th mate PERSIA MERCHANT (2) 1681/2;;;;;;
Wier, Dickie (c1750-);Capt’s servant & seaman Marshall Keith two voyages to America ly, seaman Chance to;"Maryland 11m; 5th mate RESOLUTION (3) 1769/70; 4th mate MARQUIS OF";ROCKINGHAM (2) 1771/2 (approved 28 Jan 1772, aged 21);;;;
Wigan, Edmund;surgeon BENGAL (3) 1811/2;;;;;;
Wiggington, Samuel;5th mate ANSON (2) 1750/1;;;;;;
Wiggins, Arthur;3rd mate DUKE OF ARGYLL 1832/3;;;;;;
Wiggins, George;"surgeon UNION (4) 1810/1, transf to GENERAL STUART 12 Feb 1812; ATLAS (4) 1812/3,";1814/5 & 1816/7;;;;;
Wight, Andrew;purser MINERVA (7) 1816/7;;;;;;
Wightman, Archibald;4th mate PORTOBELLO (1) 1746/7;;;;;;
Wigram, Robert;surgeon DUKE OF RICHMOND 1767/8, BRITISH KING 1769/70;;;;;;
Wigzell, Eustace;purser JULIANA 1809/10, ASIA (6) 1811/2 & 1813/4, LADY CAMPBELL 1815/6;;;;;;
Wiezell, Thomas;purser WALPOLE (5) 1800/1, LORD NELSON 1803/4;;;;;;
Wilby, Joseph (c1744-);semen Duke of Mariboreugh cxmed simp lly <en, sentean Leopard to Camada, Naples and;"Leghorn ly 6m; seaman Success to Antigua 6m; 2nd mate Adventure to South Carolina 8m;";"gunner ROYAL CAPTAIN (1) 1764/5, 1767/8 & 1769/70; 2nd mate Arabella to Oporto 3m;";3rd mate ROYAL CAPTAIN (2) 1772/3 (approved 8 Oct 1772, aged 28);;;
Wilcock, George;6th mate DOVER CASTLE 1808/9;;;;;;
Wilcock, Samuel;purser THORNTON 1697/8;;;;;;
Wilkins, James Thomas Hackett (1781-);"bap 2 Feb 1781 Feathard, co Tipperary, s of James, Esq; 5th mate CARNATIC (2) 1800/1;";"3rd mate EXPERIMENT (4) 1802/3; 2nd mate EXPERIMENT (4) 1803/4; 1st mate";"EXPERIMENT (4) 1805/6; 1st mate HUDDART 1807/8; dismissed 14 Oct 1808";;;;
Wilkins, Jeffery (1780-);"b 18 Jul & bap 24 Aug 1780 St John’s, Brecon, s of Jeffery & Catherine; seaman EARL OF";"OXFORD 1794/5; 5th mate EARL TALBOT (2) 1796/7; 4th mate AIRLY CASTLE 1800/1;";"3rd mate EXETER (2) 1802/3; 2nd mate EARL CAMDEN 1804/5";;;;
Wilkins, Nathaniel;4th mate LARKINS (2) 1826/7;;;;;;
Wilkins, William;4th mate DELAWARE 1758/9;;;;;;
Wilkins, William;surgeon ADMIRAL POCOCK 1761/2, EARL OF MIDDLESEX 1766/7;;;;;;
Wilkinson, Brave;5th mate THAMES (2) 1803/4, transf to HMS Caroline 6 Nov 1804;;;;;;
Wilkinson, Edmund (1786-);"bap Feb 1786 St Luke’s, Chelsea, Middx, s of Richard & Ann; 6th mate WILLIAM PITT (2)";"1804/5; 3rd mate UNION (5) 1806/7 & 1808/9; 2nd mate UNION (5) 1810/1";;;;;
Wilkinson, George;surgeon HERTFORD (2) 1726/7 & 1730/1, NEWCASTLE 1732/3;;;;;;
Wilkinson, George;Capt ISABELLA (1) 1794/5 & 1795/6;;;;;;
Wilkinson, George (1761-);"bap 30 Jul 1761 Stockton, co Durham, s of John & Sarah; 6th mate PERSEVERANCE (2)";"1808/9; 5th mate WARLEY (2) 1810/1; 3rd mate WARLEY (2) 1812/3; 2nd mate WARLEY";(2) 1814/5;;;;
Wilkinson, Henry Richard (1790-);"b 1 Nov 1790 & bap 13 Jan 1791 Wandsworth, Surrey, s of Henry & Elizabeth; 6th mate";"WARREN HASTINGS (3) 1808/9; 4th mate WARREN HASTINGS (3) 1810/1; 2nd mate";"LARKINS (1) 1813/4; 1st mate LARKINS (1) 1815/6; Capt WATERLOO (2) 1819/20";;;;
Wilkinson, James;surgeon GRENVILLE 1774/5;;;;;;
Wilkinson, James (1782-1802);"b Sep 1782 Newcastle-on-Tyne; Capt’s servant PRINCE WILLIAM HENRY 1794/5;";"midshipman PRINCE WILLIAM HENRY 1796/7; 5th mate LORD NELSON 1799/1800;";"4th mate LORD NELSON 1801/2; d 19 Dec 1802";;;;
Wilkinson, John (c1748-);"seaman OSTERLEY (1) 1768/9; seaman in coasting trade 1m; 4th mate OSTERLEY (2) 5 Nov";1771 (approved 5 Nov 1771, aged 23);;;;;
Wilkinson, John;Sta sate NASSAW @) LF IVE;;;;;;
Wilks, Joseph;3rd mate INDUS 1813/4;;;;;;
Wilks, Richard Pigou (1794-);"b 9 Sep 1794 England; midshipman DOVER CASTLE 1808/9; 5th mate DOVER CASTLE";"1810/1; 5th mate LADY CASTLEREAGH 1813/4; 3rd mate LADY CASTLEREAGH 1815/6";;;;;
Will, Alexander James;surgeon THAMES (5) 1828/9;;;;;;
Will, George;surgeon LAYTON 1823/4;;;;;;
Willcocks, George (1785-);"b 20 Nov & bap 18 Dec 1785 St James’ Clerkenwell, London, s of Richard & Elizabeth; purser";TOTTENHAM 1810/1 & 1812/3;;;;;
Wilcox, Francis;"6th mate DEPTFORD (2) 1784/5; run 20 Nov 1785";;;;;;
Willerton, John;"6th mate WINCHELSEA (3) 1811/2; 4th mate THAMES (2) 1813/4";;;;;;
Willett, Thomas;purser DELAWARE 1758/9, ALBION (1) 1761/2 & 1764/5;;;;;;
Williams, Ayliff;"6th mate ENFIELD 1721/2; 5th mate ENFIELD 1724/5";;;;;;
Williams, Benjamin;3rd mate FALMOUTH 1759/60;;;;;;
Williams, Charles;"4th mate EXPERIMENT (4) 1803/4; run 10 Mar 1805";;;;;;
Williams, David;someon START ISEURY @) 1753/4;;;;;;
Williams, Erasmus;5th mate MARLBOROUGH (5) 1745/6;;;;;;
Williams, Ethelred;"5th mate DODDINGTON 1748/9; run 18 Apr 1749";;;;;;
Williams, Evan;6th mate VALENTINE (1) 1761/2;;;;;;
Williams, George;4th mate HECTOR (3) 1766/7;;;;;;
Williams, George (-1819);"5th mate LADY CASTLEREAGH 1810/1; 4th mate THOMAS GRENVILLE 1813/4;";"3rd mate THOMAS GRENVILLE 1815/6; 2nd mate THOMAS GRENVILLE 1816/7;";"1st mate THOMAS GRENVILLE 1818/9; d 10 Oct 1819 Calcutta";;;;
Williams, Goddard;"5th mate BRIDGEWATER (2) 1776/7; run 13 Oct 1777";;;;;;
Williams, John (-1808);surgeon SEA HORSE 1770/1, QUEEN (3) 1774/5, HAWKE (4) 1776/7, COLEBROOKE;"1777/8, HAWKE (4) 1778/9; Bengal Asst Surgeon 9 Sep 1782; Surgeon 22 Sep 1795; d 20 Jul";1808 Cawnpore;;;;
Williams, John (1784-);"b 30 Mar & bap 19 Apr 1784 St Marylebone, London, s of Thomas & Sarah; midshipman";"THAMES (2) 1798/9; 4th mate SIR WILLIAM BENSLEY 1801/2; 3rd mate EXPERIMENT";"(4) 1803/4; 2nd mate TIGRIS (2) 1806/7; 2nd mate GEORGIANA (1) 1807/8 & 1809/10;";"3rd mate GENERAL KYD 1814/5; 2nd mate LORD CASTLEREAGH 1818/9; petitioned";;;
Poplar Fund 1822, 1825 & 1827;;;;;;;
Williams, John;5th mate BARROSA 1826/7;;;;;;
Williams, Joseph (-1714);"2nd mate HESTER (2) 1713/4; d 28 Aug 1714";;;;;;
Williams, Joseph;1st mate HARRIET (1) 1801;;;;;;
Williams, Joseph (1784-);"b 30 Mar & bap 19 Apr 1784 St Marylebone, London, s of Thomas & Sarah; midshipman";"Bridgewater rice ship to Madras ly 1m; seaman OCEAN (4) 1802/3; 5th mate HENRY";"ADDINGTON (2) 1804/5; 3rd mate BARING 1806/7; 2nd mate CASTLE EDEN 1808/9;";1st mate BOMBAY (3) 1811/2;;;
Williams, Joseph Goddard (1783-1821);"b 13 Feb 1783 Shrewsbury; midshipman LORD THURLOW 1796/7; midshipman WALMER";"CASTLE 1798/9; 5th mate HUGH INGLIS 1802/3; 3rd mate WILLIAM PITT (2) 1804/5;";"2nd mate WILLIAM PITT (2) 1807/8; 2nd mate SURAT CASTLE (2) 1809/10; 1st mate";"MARQUIS OF WELLINGTON (1) 1812/3 & 1814/5; d 26 Jun 1821 Bengal";m 31 Aug 1812 St George’s, Hanover Sq, London, Sarah Nixon, wid;Herbert bap 1 Oct 1813;
Williams, Joseph Mills (1797-);"b 18 Nov 1797 England; midshipman BRIDGEWATER (5) 1812/3 & 1814/5; 6th mate";"BRIDGEWATER (5) 1816/7; 5th mate GENERAL HARRIS 1818/9; 4th mate GENERAL";"HARRIS 1820/1; 3rd mate GENERAL HARRIS 1823/4; 2nd mate MARCHIONESS OF ELY";1825/6;;;
Williams, Oliver (-1725);"surgeon DUKE OF CAMBRIDGE 1722/3; d 2 Feb 1725";;;;;;
Williams, Richard;3rd mate TAVISTOCK (1) 1707/8;;;;;;
Williams, Richard (-1770);"4th mate PLASSEY 1768/9; 4th mate HOUGHTON (4) 1769/70; d 10 Aug 1770";;;;;;
Williams, Richard;Capt EARL ST VINCENT (2) 1800/1;;;;;;
Williams, Robert (-1755);"3rd mate CAESAR (4) 1739/40; 2nd mate ROYAL GUARDIAN 1742/3; 1st mate KENT (3)";"1744/5; 1st mate SALISBURY (1) 1748/9; 1st mate EDGEBASTON 1752/3; 1st mate";"EASTCOURT 1754/5; d 29 Sep 1755";;;;
Williamson, Christopher;surgeon HINDE 1777/8, MARQUIS OF LANSDOWN 1786/7;;;;;;
Williamson, Edward;"2nd mate STREATHAM (1) 1711/2; Capt BRIDGEWATER (1) 1719/20, 1722/3, 1726/7 &";"1729/30; Capt DECKER 1732/3 & 1736/7";;;;;
Williamson, Edward (c1753-);"apprentice Leopard in Virginia trade Sy; seaman & mate in several ships to Africa 7y; master in";"several ships to Africa 4y; midshipman ALFRED (1) 1776/7; 2nd mate KENT (5) 1781/2";(approved 5 Sep 1781, aged 28);;;;
Williamson, George;"purser’s mate WILLIAM (1) 1625/6; purser PALSGRAVE 1630/1";;;;;;
Williamson, George;purser HERTFORD (1) 1719/20;;;;;;
Williamson, George (c1756-1787);"b in Scotland; seaman in coasting trade 4y; seaman CERES (1) 1776/7; midshipman ALFRED";"(1) 1778/9; 4th mate ALFRED 1781/2 (approved 24 Aug 1781, aged 25); 3rd mate EARL OF";"WYCOMBE 1786/7; drowned 11 Aug 1787";;;;
Williamson, George (1775-);"bap 1 Dec 1775 St Saviour’s , Southwark, London, s of Jeremiah, timber merchant, & Mary;";"Capt’s servant NOTTINGHAM (4) 1788/9; seaman TRUE BRITON (4) 1790/1; surgeon’s";"servant LORD THURLOW 1792/3; seaman BOMBAY CASTLE (2) 1794/5; 5th mate";"BELVEDERE 1796/7; 2nd mate HERCULEAN 1799/1800; 3rd mate PERSEVERANCE (2)";"1801/2; 2nd mate DOVER CASTLE 1803/4; 2nd mate PERSEVERANCE (2) 1805/6 &";"1808/9; Capt DAVID SCOTT (1) 1810/1 & 1812/3";
Williamson, James;2nd mate MARLBOROUGH (2) 1715/6;;;;;;
Williamson, James (c1733-1786);"one voyage to India; 4th mate TRITON (1) 1756/7; 3rd mate TRITON (1) 1759/60; 2nd mate";"EGMONT (1) 1762/3; 2nd mate PIGOT (1) 1765/6; 1st mate NOTTINGHAM (2) 1768/9 &";"1771/2; 1st mate PACIFIC 1773/4 (approved 3 Nov 1773, aged 40); Capt ALFRED (1) 1776/7;";"Capt GANGES (1) 1785/6; d 2 Dec 1786";;;
Williamson, James;surgeon PRIME 1782/3;;;;;;
Williamson, James (1768-);"b 4 Jan & bap 3 Feb 1768 St Dunstan-in-the-West, London, s of Timothy & Elizabeth, of Fleet St;";"seaman RAYMOND 1781/2; 6th mate RAYMOND 1784/5; mate Julius Caesar to Jamaica 8m;";4th mate ESSEX (4) 1787/8;;;;
Williamson, James;2nd mate MANGLES 1825;Williamson, James Burnett see Burnett, James Burnett;;;;;
Willis, Edwin (1810-);"b 28 Aug 1810 & bap 17 Nov 1811 St Mary’s, Lambeth, s of John & Elizabeth; 6th mate";"HYTHE 1826/7; 5th mate DUKE OF SUSSEX 1828/9";;;;;
Willis, George;3rd mate CATHERINE (2) 1715/6;;;;;;
Willis, George;surgeon LORD CAMDEN (2) 1790/1;;;;;;
Willis, Leonard (-1731);"3rd mate LETHIEULLIER 1729/30; d 17 Feb 1731";;;;;;
Willis, Thomas;"surgeon EARL OF CHESTERFIELD 1786/7 & 1788/9; run 29 Jan 1790";;;;;;
Willis, Thomas;6th mate PRINCESS AMELIA (4) 1819/20;;;;;;
Willmot, John (1773-);"bap 24 Feb 1773 St Botolph Aldgate, London, s of John Gerrard & Elizabeth; gunner’s servant";"DOVER (2) 1786/7; midshipman FORT WILLIAM (2) 1788/9; free mariner to Bombay 1790.";"home in LORD MACARTNEY 1795; approved as 3rd mate WOODFORD (1) 22 Apr 1796,";did not proceed;;;
Willmott, -?-;master CHESTNUT 1661/2;;;;;;
Willoughby, Anthony (-1730);"surgeon FORDWICH 1728/9; d 10 Sep 1730";;;;;;
Wills, Christopher;"3rd mate MARY (6) 1714/5; 2nd mate MARY (6) 1717/8 & 1719/20; 2nd mate MARY (7)";1722/3;;;;;
Wills, Edward;"1st mate ELIZABETH (3) 1747/8; Capt ELIZABETH (3) 1752/3";;;;;;
Wills, John (-1794);"surgeon FORT WILLIAM (2) 1792/3; d 21 Feb 1794";;;;;;
Wills, Mathew;"master DOLPHIN 1624/5, WILLIAM (1) 1629/30; Capt LONDON (1) 1633/4 & 1638/9";;;;;;
Wills, Thomas (c1774-);"midshipman AIRLY CASTLE 1793/4; 5th mate AIRLY CASTLE 1795/6; 3rd mate AIRLY";"CASTLE 1797/8 (approved 22 Feb 1798, aged 23); dismissed 22 Jan 1800";;;;;
Wills, William;surgeon ORFORD 1743/4, DURRINGTON 1746/7;;;;;;
Willson, David;surgeon ROCHESTER (2) 1713/4;;;;;;
Willson, George;"4th mate PRINCE OF WALES (2) 1746/7; 2nd mate KENT (3) 1749/50; Capt KENT (3)";"1753/4; Capt CALCUTTA 1758/9; subsequently a Principal Managing Owner";;;;;
Wilson, Andrew;4th mate VANSITTART (4) 1814;;;;;;
Wilson, Charles;2nd mate PHOENIX (6) 1819/20;;;;;;
Wilson, Christopher;"2nd mate MORICE 1716/7 & 1720/1; 1st mate MORICE 1723/4; Capt MORICE 1728/9; Capt";DUKE OF LORRAINE 1731/2;;;;;
Wilson, David;surgeon STRINGER 1709/10;;;;;;
Wilson, Edward;4th mate PRUDENT MARY 1684/5;;;;;;
Wilson, Edward;6th mate GRANTHAM (2) 1728/9;;;;;;
Wilson, Edward (-1774);"2nd mate LAPWING (2) 1762/3; 3rd mate ADMIRAL STEVENS 1765; 3rd mate LORD";"MANSFIELD (1) 1766/7; 1st mate LORD MANSFIELD (1) 1769/70; Capt EAGLE (6)";"1772/3; d 21 Jul 1774";;;;
Wilson, Francis;"midshipman SIR EDWARD HUGHES 1800/1; 6th mate SIR EDWARD HUGHES 1801/2;";"5th mate SIR EDWARD HUGHES 1803/4; 4th mate SCALEBY CASTLE 1806";;;;;
Wilson, G;1st mate PROTECTOR (2) 1827;;;;;;
Wilson, George;"purser MARY (7) 1729/30; run 3 Sep 1730";;;;;;
Wilson, George;"surgeon BRITANNIA (4) 1784/5 & 1786/7; Madras Asst Surgeon 7 Jun 1788; Surgeon 3 Mar";"1795; retired 13 Nov 1805";active service in expedition to Malacca 1796-99;;;;
Wilson, George;;;;;;;
"surgeon EXPERIMENT (4) 1803/4, FAME (3) 1805/6; Bombay Asst Surgeon (acting) 19 Sep";"1806, confirmed 15 Sep 1808; furlough home 21 Jun 1810, did not return, struck off in 1813";;;;;;
Wilson, George (-1816);"surgeon HUDDART 1809/10; Bombay Asst Surgeon 2 Jul 1810; d Jul 1816 Bombay";;;;;;
Wilson, George;1st mate LADY KENNAWAY 1829/30;;;;;;
Wilson, George Saville;"midshipman THAMES (2) 1799/1800; purser THAMES (2) 1801/2, SCALEBY CASTLE";1806/7, WARREN HASTINGS (3) 1808/9, WALMER CASTLE 1810/1;;;;;
Wilson, Henry (-1713);"purser SOMERS 1711/2; d 6 May 1713";;;;;;
Wilson, James William;"surgeon’s mate INGLIS 1812/3; surgeon VANSITTART (4) 1814, 1814/5, 1816/7, 1818/9,";1820/1, 1822/3, 1824/5, 1826/7, 1828/9 & 1830/1;;;;;
Wilson, John;surgeon HOPEWELL (2) 1630/1;;;;;;
Wilson, John (-1683);"1st mate PERSIA MERCHANT (2) 1681/2; d 22 Sep 1683";;;;;;
Wilson, John;surgeon KENT (2) 1714/5, CARDIGAN 1716/7;;;;;;
Wilson, John;"3rd mate WALPOLE (1) 1721/2; 5th mate PRINCE WILLIAM (1) 1726/7";;;;;;
Wilson, John;purser BARRINGTON 1722/3;;;;;;
Wilson, John;surgeon & purser GREENWICH (1) 1723/4;;;;;;
Wilson, John (-1730);"3rd mate CADOGAN 1728/9; d 13 Feb 1730";;;;;;
Wilson, John;surgeon DEFENCE (4) 1735/6, PRINCE OF ORANGE (1) 1737/8, WINCHESTER 1739/40;;;;;;
Wilson, John (-1743);"3rd mate SOMERSET 1741/2; d 16 Jun 1743";;;;;;
Wilson, John (c1750-);"seaman Duckenfield to Jamaica 9m; 6th mate YORK (3) 1767/8; 5th mate PRIME 1769/70;";3rd mate MERCURY (1) 1772/3 (approved 9 Oct 1772, aged 22) & 1775/6;;;;;
Wilson, John;3rd mate SIR WILLIAM BURROUGHS 1812;;;;;;
Wilson, John;1st mate FORT WILLIAM (3) 1825/6;;;;;;
Wilson, John (1814-);"b 23 Sep 1814 & bap 17 Jan 1815 All Saints’, Huntingdon, s of Jonah, surgeon, & Ann;";"micshisian TER WICKSED NE 1829/20; 6th mate PER WICKSEIRE 138 1/2";;;;;
Wilson, John Charles;3rd mate STREATHAM (4) 1812/3;;;;;;
Wilson, John Emperor (1767-);"b L Oet 196? Norwich; seaneem & midsixiomae EMS Warwick and Gotieth 3y 7m; midshipman";"WORCESTER (4) 1785/6; in Straits trade 6y; 4th mate VALENTINE (3) 1793/4; 1st mate";LORD THURLOW 1796/7;;;;
Wilson, John Major (1770-1818) ‘;"ip TP POs somgeun ROSS GY 1F9Q9; Pongal Aset Surgeon 27 May 1803; MD Aberdeen 1812;";"Surgeon 15 Jul 1815; d 24 May 1818 Calcutta";;;;;
Wilson, Robert;purser UNION (4) 1810/1, FAME (4) 1818/9, FLORENTIA 1820/1, ROYAL GEORGE (6);;;;;;
1823/4, ORIENT 1824/5;;;;;;;
Wilson, Somerville;surgeon WINTERTON 1787/8;;;;;;
Wilson, Thomas (c1756-);apprentice Edinburgh to America and the Straits Sy, seaman (9m) & 2nd mate (6m) Harriot to;"America; seaman GREENWICH (2) 1775/6; gunner’s mate MOUNTSTUART 1777/8;";3rd mate MOUNTSTUART 1779/80 (approved 17 May 1780, aged 24);;;;
Wilson, Thomas;2nd mate COVERDALE 1795/6 & 1797/8;;;;;;
Wilson, Thomas;purser OCEAN (5) 1802/3;;;;;;
Wilson, Walter;"5th mate NORMANTON 1732/3; 4th mate DUKE OF CUMBERLAND (1) 1734/5; 3rd mate";"WINCHESTER 1736/7; 2nd mate AUGUSTA 1738/9; 1st mate YORK (1) 1740/1 & 1743/4;";Capt GRANTHAM (3) 1746/7 & 1749/50;;;;
Wilson, William;"4th mate SCARBOROUGH (1) 1734/5; 3rd mate ROYAL GUARDIAN 1736/7; 2nd mate";"DUKE OF LORRAINE 1738/9; 1st mate KENT (3) 1740/1; Capt SUFFOLK (1) 1749/50,";"1752/3 & 1755/6; Capt PITT (1) 1757/8";;;;
Wilson, William;5th mate YORK (2) 1753/4;;;;;;
Wilson, William (-1765);"purser DUKE OF GLOUCESTER (2) 1763/4; d 16 Aug 1765";;;;;;
Wilson, William;purser PHOENIX (3) 1785/6;;;;;;
Wilson, William;"1st mate DUFF 1795/6; Capt ROYAL ADMIRAL (2) 1799/1800";;;;;;
Wilson, William Younghusband (1783-);"b 24 Sep 1783 Alnwick, Northumberland; seaman in coasting trade 6m; 6th mate THAMES (2)";"1801/2, transf to WALMER CASTLE as 4th mate 18 Nov 1802; 5th mate GLATTON (4)";"1803/4; 4th mate GLATTON (4) 1805/6; 3rd mate THAMES (2) 1808/9; 2nd mate";"MARCHIONESS OF EXETER 1810/1; petitioned Poplar Fund 1817";;;
Wilton, Joseph William (1771-);"bap 9 Jun 1771 St Michael’s, Dublin, s of William & Esther; boy PONSBORNE (2) 1783/4;";"midshipman PONSBORNE (2) 1785/6; midshipman TRITON (3) 1787/8; midshipman";"RODNEY (2) 1789/90; 4th mate WINTERTON 1791/2";;;;
Wiltshire, George;surgeon BERKELEY CASTLE 1679/80 & 1681/2;;;;;;
Wimble, John;"Capt FLORENTIA 1822/3; Capt PARMELIA 1826/7; Capt LADY NUGENT 1829/30";;;;;;
Winn, Francis Manning;purser BOMBAY CASTLE (2) 1799/1800, HENRY ADDINGTON (2) 1802/3, ARNISTON;1809/19, BOMBAY (3) 1811/2 & 1813/4;m 25 Aug 1804 St George’s Hanover Sq, London, Mary Herbert;Mary b 12 Aug 1806;Frank Dawson b 15 Jul 1808;William & Margaret Harriet bap 25 Sep 1818;
Winn, William Clinton (-1815);purser HENRY ADDINGTON (2) 1806/7, SCALEBY CASTLE 1808/9, CHARLES GRANT;"1810/1, 1812/3 & 1814/5; d 13 Nov 1815";;;;;
Winslow, Edward;purser INDUS 1807/8, 1809/10, 1811/2 & 1813/4;;;;;;
Winspear, Thomas;purser EARL OF HOLDERNESS 1763/4;;;;;;
Winstanley, Thomas;purser CONTRACTOR 1787/8;;;;;;
Winston, William;surgeon CARMARTHEN 1816/7;;;;;;
Winter, Edward;6th mate PRINCE OF WALES (8) 1802/3;;;;;;
Winter, James (c1692-1756);"b 1692, probably s of John, of Deptford, shipbuilder; 4th mate KING WILLIAM (2) 1709/10;";"1st mate KING WILLIAM (2) 1712/3; Capt KING WILLIAM (2) 1715/6 & 1718/9; Capt";"EYLES 1721/2 & 1724/5; EIC Director between 1737 and 1754; Elder Brother of Trinity House";"1733-56; d 24 Jan 1756 Stepney";m 30 Nov 1717 Hannah Evans, of St Bride’s pa, London;re-m his cousin Mary, eldst dau of Capt Nehemiah Winter, of Finchley, Essex;
Winter, James (1779-);"lb 22 Ape ct Igy 16 May 1290 St Pauls, Depttord, sa? Tames, gent, & Blizabeth, af Union; St,";"midshipman PHOENIX (4) 1797/8; mate to Mediterranean 2y 6m; 4th mate DOVER CASTLE";"1800/1; 3rd mate ROYAL CHARLOTTE (5) 1803/4; 1st mate CARMARTHEN 1805/6;";"2nd mate LORD MELVILLE (1) 1808/9, 1810/1 & 1812/3; 1st mate WILLIAM PITT (2)";"1814/5; petitioned Poplar Fund 1817";;
Winter, Jeffery (-1737);"5th mate LONDON (7) 1723/4; 3rd mate EYLES 1731/2; 1st mate NOTTINGHAM (1) 1736/7;";d31 Dec 1737;;;;;
Winter, John;purser KING WILLIAM (2) 1709/10;;;;;;
Winter, John;purser DUKE OF YORK (1) 1728/9;;;;;;
Winter, John;5th mate PONSBORNE (1) 1767/8;;;;;;
Winter, Nehemiah sen;Capt KING WILLIAM (2) 1708/10 & 1712/3;"‘Wise, iemy (S02;";"b 16 Aug & bap 20 Aug 1802 St Mary Magdalen, Oxford, s of William & Harriott; seaman";"CASTLE HUNTLEY 1817/8; midshipman CASTLE HUNTLEY 1819/20 & 1821/2; 4th mate";"CASTLE HUNTLEY 1823/4; 3rd mate CASTLE HUNTLEY 1825/6; 2nd mate CASTLE";"HUNTLEY 1827/8; 1st mate ASTELL 1829/30; 1st mate EDINBURGH 1831/2";
Wise, John;"6th mate YORK (4) 1785/6; run 18 Dec 1786";;;;;;
Wise, William (-1704);"1st mate SAMUEL & ANNA 1701/2; d 30 Oct 1704";;;;;;
Wiseman, William;Capt ISABELLA (2) 1825/6;;;;;;
Wishart, David;"5th mate ELIZABETH (3) 1743/4; run 29 May 1744";;;;;;
Wishart, George (c1764-);"bin Scotland; midshipman in Royal Navy 5y; 4th mate ROYAL CHARLOTTE 1785/6";"(approved 10 Feb 1786, aged 21); 3rd mate CERES 1787/8";;;;;
Wishart, Ninian;surgeon WILMINGTON 1741/2;;;;;;
Wishart, Wiliam;surgeon ROYAL JAMES 1685/6;;;;;;
Wislack, Peter;Capt MASSINGBERD 1670/1, 1672/3 & 1674/5;;;;;;
With, Thomas (1774-);b7 Jul & bap 26 Jul 1774 St John the Evangelist, Westminster, s of William & Ann;;;;;;
Witherington, John;5th mate KING GEORGE (2) 1719/20;;;;;;
Withers, Francis John (1771-);"b 17 Mar & bap 10 Aug 1771 Napton, Norfolk, s of Thomas & Priscilla; midshipman";"BELVEDERE 1786/7; 2nd mate to West Indies ly; midshipman BELVEDERE 1789/90;";"midshipman LORD MACARTNEY 1791/2; 4th mate QUEEN (4) 1793/4; 2nd mate";"GENERAL GODDARD 1795/6; 1st mate LADY JANE DUNDAS 1799/1800; 1st mate";WALTHAMSTOW 1801/2;;
Withers, Richard (1775-);"b 12 Aug 1775 Wexford; Capt’s servant CARNATIC (2) 1790/1; seaman HINDOSTAN 69)";"1792/3; 4th mate EARL CORNWALLIS 1794/5";;;;;
Witherstone, Josiah;"5th mate GODOLPHIN (2) 1734/5; 4th mate HARRISON 1736/7";;;;;;
Wittlash, Thomas;5th mate WALPOLE (1) 1730/1;;;;;;
Witts, Thomas;5th mate BARRINGTON 1725/6;Wood, Essex, Henry;1st mate EARL OF WYCOMBE 1786/7;;;;
Wood, George (1780-);"b 25 Jan & bap 4 Jun 1780 Sunderland, s of James & Ann; seaman in Baltic trade 3m; seaman in";"Neweactle toads In anidishipanan BAIRWSILIL 1794/5; aporenties in Baltis rade ly 1m; 4th mate";"CEAILTON 179i; 3rd mate CHARLTON 1800/2; 2nd mate CHARLTON 1802/3; Capt";CHARLTON 1804/5 & 1806/7;;;
Wood, George W;"4th onats TOWNE (©) 18256; dad mate DURE OF NORTEURISERLANT; 1830/1; 1st mate";DUKE OF ARGYLL 1832/3;;;;;
Wood, Isaac;5th mate DEPTFORD (1) 1765/6;;;;;;
Wood, James;purser WAGER (2) 1747/8 & 1750/1;;;;;;
Wood, James;"4th mate STORMONT (1) 1755/6; 3rd mate STORMONT (1) 1758/9; 1st mate HARCOURT";"(1) 1761/2; 1st mate GROSVENOR (1) 1767/8";;;;;
Wood, James (1783-);"b 20 Jan 1783 Southampton; in Post Office packet 10m; midshipman HOUGHTON (5) 1796/7;";"seaman WALMER CASTLE 1798/9; 2nd mate TELEGRAPH 1801/2; 3rd mate MARQUIS";"OF ELY 1803/4; 1st mate INDUS 1805/6";;;;
Wood, John;master JAMES (1) 1620/1;;;;;;
Wood, John;4th mate PRINCESS AMELIA (2) 1745/6;;;;;;
Wood, John (c1746-);"1st mate’s servant HARCOURT (1) 1761/2; midshipman ANSON (3) 1763/4; midshipman";"DUKE OF KINGSTON (1) 1765/6; midshipman GROSVENOR (1) 1767/8; 4th mate";"WORCESTER (3) 1769/70; 3rd mate NASSAU (3) 1771/2 (approved 26 Nov 1771, aged 25);";"3rd mate COLEBROOKE 1774/5; commanded Ellen in Straits trade 3y; 1st mate GATTON";"1779/80, 2nd mate KENT (5) 1785/6; 2nd mate PHOENIX (3) 1787/8";;
Wood, John (1777-);"b 17 Dec 1777 Greenock, Renfrews; seaman in West Indies trade 4y; midshipman QUEEN (4)";"1795/6; 4th mate CANTON 1799/1800; 2nd mate CALEDONIAN (2) 1800/1, home from";"St Helena in CANADA; 4th mate TIGRIS (2) 1802/3; 2nd mate WARREN HASTINGS (2)";"1804/5; Capt HUGH INGLIS 1809/10, Capt MARQUIS OF WELLINGTON (1) 1812/3,";1814/5 & 1818/9;;
Wood, John;4th mate HYPERION 1819/20;;;;;;
Wood, John William (c1752-);"b in England; seaman THAMES (1) 1764/5; midshipman THAMES (1) 1767/8; 5th mate";"THAMES (1) 1770/1; actg Lieutenant HMS Seaford to Jamaica 6m; 3rd mate THAMES ()";"1773/4 (approved 30 Nov 1773, aged 21); 2nd mate LORD NORTH 1776/7; 1st mate";"BELLMONT 1779/80; 1st mate PIGOT (2) 1782/3; suspended 11 Nov 1785, restored 13 Dec";"1786; Capt EARL OF WYCOMBE 1786/7, 1788/9, 1791/2, 1793/4 & 1795/6";;
Wood, William;surgeon ROOKE 1698/9;;;;;;
Wood, William (-1715);"surgeon CATHERINE (1) 1713/4; d3 Apr 1715";;;;;;
Wood, William (c1751-);"apprentice & 2nd mate in West Indies trade 9y; 1st mate Clytus to West Indies 2y; commander";"Friendship to Nevis 3y; 4th mate ROYAL GEORGE (3) 1778/8 (approved 1 Jan 1778, aged 26);";2nd mate LATHAM (2) 1780/1, exchanged to LOCKO 5 Aug 1782;;;;
Wood, William;"purser SKELTON CASTLE 1801/2; run 8 Nov 1802";;;;;;
Woodason, James;purser PITT (1) 1757/8, CHESTERFIELD 1760/1;;;;;;
‘Woodcock, James;surgeon PRINCE OF WALES (4) 1768/9;;;;;;
Woodcock, Joseph (-1750);"5th mate WALPOLE (2) 1744/5; 4th mate WALPOLE (2) 1748/9; d 11 Mar 1750";;;;;;
Woodcock, Thomas;"1st mate SCIPIO AFRICANUS 1680/1; Capt SCIPIO AFRICANUS 1682/3; Capt DIAMOND";(2) 1685/6;;;;;
Wooder, Francis;6th mate MORSE 1781/2;;;;;;
Wooddiss, Richard (-1610);"purser EXPEDITION (1) 1608/9; d 1610 Bantam";;;;;;
Woodford, Mead;"5th mate MACCLESFIELD (2) 1727/8; 3rd mate LYELL (1) 1729/30; 2nd mate WINDHAM";CD) 192 1s Cart PIEILELARS CL) LER;;;;;
Woodford, William;surgeon OAKHAM 1730/1 & 1733/4;;;;;;
Woodgate, Arthur (1813-);"b 12 Dec 1813 & bap 11 Feb 1814 Pembury, Kent, s of Rev Stephen, vicar, & Frances;";"midshipman VANSITTART (4) 1828/9 & 1830/1; 5th mate VANSITTART (4) 1832/3";;;;;
Woodgate, William;5th mate LORD CASTLEREAGH (1) 1810/1, transf to COLDSTREAM 27 Dec 1812;;;;;;
Woodhead, Sidney;"5th mate METCALFE 1812/3; run 23 Aug 1813";;;;;;
Woodhouse, Francis;4th mate PRINCESS LOUISA 1742/3;;;;;;
Woodhouse, John (-1748);"surgeon LAPWING (1) 1747/8; d 1 Jan 1748";;;;;;
Woodhouse, Joseph;surgeon JULIANA 1811/2;;;;;;
Wooldridge, Frank;"6th mate GENERAL HARRIS 1827/8; 5th mate GENERAL HARRIS 1829/30";;;;;;
Woolfe, Jacob;5th mate DEPTFORD (1) 1762/3, transf to EARL OF ASHBURNHAM 20 Sep 1763;;;;;;
Wooller, Joseph;"purser ANN (1) 1802/3; run 16 Aug 1804";;;;;;
Woollett, Richard;surgeon & purser DOVER (1) 1703/4;;;;;;
Woolley, John;purser AVERILLA 1713/4;;;;;;
Woolley, Richard;6th mate EARL OF ASHBURNHAM 1768/9;;;;;;
Woollin, Robert;4th mate HAWKE (1) 1692/3;;;;;;
Woolls or Wools, Thomas Brownrigg (1782-);"b 25 Oct 1782 & bap 23 Mar 1783 Faringdon, Hants, s of Rev John Aubrey, curate, & Jane;";"midshipman in Royal Navy 4m; midshipman SIR STEPHEN LUSHINGTON 1798/9;";;;;;
"midshipman HINDOSTAN (2) 1800/1; 6th mate HINDOSTAN (2) 1802/3 (ship lost); 5th mate";"HOPE (2) 1802/3; 3rd mate WALPOLE (5) 1804/5; 2nd mate HOPE (2) 1806/7; 1st mate";CARMARTHEN 1811/2;;;;;
Woolmore, John (1755-);"bap.4 May 1755 St Mary’s Whitechapel, London, s of John & Ann, of Rosemary Lane; seaman";"GRANBY 1767/8; midshipman DUKE OF RICHMOND 1770/1; midshipman STORMONT";"(2) 1772/3; seaman in coasting trade 8m; 2nd mate Harcourt to America; 3rd mate EARL";"TALBOT (1) 1778/9; 2nd mate EARL OF CHESTERFIELD 1780/1, home from Madras as";"passenger CONTRACTOR; Capt EARL TALBOT (1) 1787/8 & 1789/90; subsequently a";Principal Managing Owner;
Woolmore, Thomas (c1756-1783);"b in England; seaman Polly to America 2y; seaman HECTOR (3) 1771/2; midshipman";"THAMES (1) 1773/4; 3rd mate Harcourt to America 3y; 1st mate Polly to America 10m;";"4th mate EARL TALBOT (1) 1778/9; 2nd mate EARL TALBOT (2) 1781/2 (approved 25 Jul";"1781, aged 26); killed 8 Mar 1783";;;
Woolters, Marmaduke;Capt OAKLANDER 1681/2;;;;;;
Woolters, Marmaduke;1st mate NASSAU (1) 1693/4;;;;;;
Woolters, Thomas;"1st mate PHOENIX (1) 1673/4; 1st mate TYWAN 1676/7; 1st mate OAKLANDER 1681/2";;;;;;
Woolvin, George;6th mate ONSLOW (2) 1950/1;;;;;;
Worth, Philip;"2nd mate TOWNSHEND 1716/7; Capt TOWNSHEND 1718/9, 1721/2 & 1725/6; Capt";"HOUGHTON (1) 1728/9, 1731/2 & 1734/5; Capt HOUGHTON (2) 1738/9";;;;;
Wotton, Thomas;"3rd mate HERNE (2) 1701/2; Capt DERBY (1) 1710/1; Capt BOUVERIE 1713/4 & 1716/7";;;;;;
Wouldhave, Richard;Capt SIAM MERCHANT 1683/4;;;;;;
Wozencraft, James (c1746-);"seaman Lady Carmelia to West Indies 9m; midshipman GLATTON (1) 1765/6; seaman Harford";"and Thomas five voyages in coal trade 6m; midshipman GLATTON (1) 1768/9; 5th mate";"GLATTON (1) 1770/1; 1st mate Diana to Lisbon 3; 2nd mate THAMES (1) 1773/4 (approved";"30 Nov 1773, aged 27); 1st mate GLATTON (2) 1777/8";;;
Wozencraft, Thomas (-1777);purser GLATTON (1) 1768/9 & 1770/1, THAMES (1) 1773/4, MARQUIS OF;"ROCKINGHAM (2) 1775/6; d 5 Jan 1777";;;;;
Wrangham, James;5th mate LINCOLN 1747/8;;;;;;
Wrangham, Samuel;"5th mate KING WILLIAM (3) 1733/4 & 1737/8; 3rd mate KING WILLIAM (3) 1740/1;";1st mate RHODA 1747/8;;;;;
Wray, Christopher;surgeon CLIVE 1767/8, DUKE OF RICHMOND 1770/1;;;;;;
Wray, George;surgeon ADMIRAL GARDNER 1800/1 & 1802/3;;;;;;
Wray, Nicholas;6th mate QUEEN (4) 1785/6;;;;;;
Wray, William (1784-);"bap 8 Feb 1784 West Ham, Essex, s of John & Mary; 3rd mate WILLIAM PITT (3) 1808/9;";;;;;;
"3rd mate CAMBRIDGE 1810/1; 3rd mate CHARLES MILLS 1810/1 (from Apr 1811);";"2nd mate NORTHAMPTON (2) 1811/2; 2nd mate ANN (1) 1815/6";;;;;;
Wraymond, William;"3rd mate ELLEGOOD 1796/7; 2nd mate SCALEBY CASTLE 1802; 1st mate SCALEBY";CASTLE 1806;;;;;
Wrench, Charles (c1749-);"seaman VANSITTART (2) 1763/4; seaman LORD CAMDEN (1) 1765/6; seaman DUTTON";"(1) 1767/8; mate New Trimmer to Lisbon 3m; 2nd mate Reward to West Indies 6m; 4th mate";VALENTINE (2) 1772/3 (approved 6 Nov 1772, aged 23);;;;
Wrenman, -?- (c1760);"2nd mate ANNE (2) 1669/70; d on voyage";;;;;;
Wrigglesworth, William;purser THISTLEWORTH 1718/9;;;;;;
Wright, -?-;surgeon RAINBOW (1) 1671/2;;;;;;
Wright, John;1st mate VARUNA 1800;;;;;;
Wright, John;purser DEVAYNES 1807/8, MOFFAT 1810/1 & 1812/3, MINERVA (7) 1814/5;;;;;;
Wright, Richard (c1757-);"b in England; seaman in American trade 2y; seaman in Guinea trade 2y; mate Jupiter privateer";"2y 6m; 5th mate FRANCIS (2) 1781/2; 2nd mate in West Indies trade 6m; 3rd mate PIGOT (2)";1785/6 (approved 2 Feb 1786, aged 28);;;;
Wright, Robert;"purser & 2nd mate LEGHORN 1701/2; purser GRANTHAM (1) 1711/2";;;;;;
Wright, Robert;1st mate CECILIA 1796;;;;;;
Wright, Robert Poyntz (1780-1803);"b 3 Oct & bap 22 Nov 1780 St Marylebone, London, s of Thomas & Amy; 5th mate HUGH";"INGLIS 1799/1800; 3rd mate HUGH INGLIS 1802/3; d 23 Dec 1803";;;;;
Wright, Thomas;"3rd mate DEFENCE (2) 1692/3; 2nd mate EAST INDIA MERCHANT (3) 1698/9";;;;;;
Wright, Thomas;purser LOYAL BLISS 1712/3;;;;;;
Wright, Thomas James (1793-);"bap 9 Jan 1793 England; midshipman & mate in Roay Navy; 5th mate PRINCE REGENT";"1819/20; 4th mate ASIA (6) 1821/2; 3rd mate ASIA (6) 1823/4";;;;;
Wright, William;"2nd mate GRANTHAM (1) 1717/8; 1st mate MIDDLESEX (1) 1720/1; 3rd mate CAESAR (3)";1724/5;;;;;
Wright, William;surgeon TELLICHERRY 1795/6;;;;;;
Wright, William (1788-);"b 3 Oct & bap 1 Dec 1788 St Marylebone, London, s of Thomas & Amy; 6th mate HUGH";"INGLIS 1807/8; 3rd mate UNION (5) 1810/1";;;;;
‘Wright, William Cook C9772;"bap 14 Dec 1777 St Mary’s Whitechapel, London, s of William & Ann; midshipman";"NORTHUMBERLAND (3) 1794/5; 5th mate HOPE (2) 1796/7; 4th mate EARL";"ABERGAVENNY (2) 1798/9; 3rd mate EARL OF ABERGAVENNY (2) 1800/1; 2nd mate";"EARL CAMDEN 1802/3; 2nd mate WINDHAM (2) 1804/5";;;
Wright, William Francis;6th mate WINCHELSEA (3) 1830/1;;;;;;
Wright, Robert White (1807-1853);"b 2 Dec 1807; MRCS 1832; surgeon SEVERN (2) 1832/3; Bengal Asst Surgeon 22 Aug 1835;";"Surgeon 30 Nov 1849; d 13 Feb 1853 on board Alfred off Saugor";active service in China 1840-41, Second Sikh War 1848-49;;;;
Wyllie, William (1777-);"hap 3 Noy 1777 Marlcrk, Mineundine, s of William Mary Croll; midshipman WORCESTER";"(4) 1797/8; 5th mate LADY JANE DUNDAS 1799/1800; 3rd mate LADY JANE DUNDAS";"1801/2; 2nd mate LADY BURGES 1803/4";;;;
Wympe, John;purser SPEEDWELL 1626/7;;;;;;
Wynn, Eubule;surgeon NEPTUNE (1) 1700/1;;;;;;
Wynn, John sen (-1705);"2nd mate DEFENCE (3) 1692/3; 1st mate CHARLES II 1695/6; Capt FREDERICK 1698/9 &";"1704/5; d 16 Oct 1705";;;;;
Wynn, John jun (-1720);"1st mate FREDERICK 1704/5, 1708/9 & 1712/3; 1st mate KING GEORGE (1) 1715/6; Capt";"CRAGGS 1718/9; d 15 May 1720";;;;;
Wynn, Joseph;2nd mate EAGLE (4) 1679/80;;;;;;
Wynn or Wynne, Robert;"3rd mate FREDERICK 1704/5; 2nd mate TAVISTOCK (1) 1707/8; 2nd mate HALIFAX (1)";"1708/9; 1st mate HEATHCOTE (1) 1710/1 & 1712/3; 1st mate NATHANIEL (2) 1714/5;";"1st mate SUCCESS (4) 1716/7; 1st mate DERBY (1) 1717/8 & 1719/20, 1st mate AISLABIE";"1720/1; 1st mate CRAGGS 1722/3";;;
Wynne, Peter;purser WORCESTER (3) 1769/70, EARL OF SANDWICH 1775/6;;;;;;
Wynne, Peter (1814-);b 12 Apr & bap 13 Dec 1814 St Pancras, London, s of Peter, gent, & Mary Anne, of Caroline;"Place; 6th mate VANSITTART (4) 1830/1";;;;;
Wynnett, Charles;purser FOX (1) 1768/9;;;;;;
Wyse, James;surgeon BODDAM 1798/9;;;;;;
Wytch, Benjamin;purser & 4th mate BENJAMIN (2) 1716/7;;;;;;
