location_id;location;category;lat;lon
l1;Downs;calls;51.1108;1.2923
l6;East India Dock;calls;51.30292;0.0035
l40;Sao Tiago;calls;15.04;-23.38
l47;Reunion;calls;-21.0652;55.3157
l75;Fort St David;calls;11.75;79.75
l76;Mauritius;calls;-20.2;57.5
l141;Spithead;calls;50.7514;-1.13667
l3;Narsipur;calls;12.21;76.906
l28;Anjengo;calls;8.4833;76.9167
l42;Khanderi;calls;18.7042;72.8131
l43;Colaba;calls;18.91;72.81
l53;Lintin;calls;22.2446;113.4813
l157;Mokha;calls;13.1913;15.0
l178;Cagayan Sulu;calls;6.5841;118.3047
l204;Socotra;calls;12.3036;53.5512
l210;Bocca Tigris;calls;22.7933;113.5979
l220;River Thames;calls;51.4959;0.514031
l224;Dungeness;calls;50.55;0.58
l235;Kedah;calls;6.0742;100.2146
l244;Point de Galle;calls;6.0158;80.1256
l302;Hormuz;calls;27.0403;56.2736
l347;Martinique;calls;14.39;-61.0054
l354;Mahim;calls;19.035;72.84
l370;Karrack;calls;29.1528;50.193
l381;Negrais;calls;16.2;94.12
l398;Coninga;calls;16.5758;82.1518
l404;Kidderpore;calls;22.536323;88.316654
l444;Delagoa Bay;calls;25.59;32.42
l450;Ryukyu Islands;calls;26.3;127.54
l546;Orkneys;calls;59.0;-3.0
l592;Resolution Bay;calls;-41.0731;174.1332
l593;Tahiti;calls;-17.4;-149.25
l600;Canton river;calls;22.476411;113.750545
l977;Great Nanka;calls;-2.25;105.48
l1177;Anjengo Cape;calls;8.4833;76.9167
l1186;All Saints' Bay, Brazil;calls;-12.51;-38.38
l1252;Krakatoa;calls;-6.0607;105.2523
l1359;Cape Verde;calls;15.55;-23.55
l1377;Port Cornwallis;calls;13.17;93.05
l1379;Cape Augustine;calls;-8.1723;-35.0148
l1386;Norfolk Island;calls;-29.02;167.57
l1716;Newcastle-on-Tyne;people_birth;54.98;-1.61
l1811;Tweedmouth;people_birth;55.761;-2.01
l1836;Kilmartin;people_birth;56.133;-5.487
l1940;Crathie;people_birth;57.0225;-3.1255
l1948;Sorbie;people_birth;54.79;4.43
l2262;Berwick-upon-Tweed;people_birth;55.4609;-2.0009
l2545;Fleet St;people_baptised;51.5138;-0.1105
l2571;Soho;people_baptised;51.3046;-0.752
l2582;Bloomsbury;people_baptised;51.5201;-0.1288
l2598;Pembrokeshire;people_baptised;51.5042;-4.5032
l2;Bengal;calls;;
l7;Hugh;calls;;
l11;Cape;calls;;
l19;Second Bar;calls;;
l20;Kedgeree;calls;;
l24;voyages to Sumatra 1624, Lagundy 1625, Coromandel;calls;;
l25;27, Sumatra &;calls;;
l26;laid up 1631, rotten;calls;;
l27;Sandy Bay' Guinea;calls;;
l34;voyage ended;calls;;
l36;Rogues River;calls;;
l38;Silebar;calls;;
l41;Johanna;calls;;
l45;Vijayadura;calls;;
l48;expedition against Angria;calls;;
l49;wreckedthe Cape;calls;;
l51;captured by the French near Mauritius;calls;;
l52;False Bay;calls;;
l55;returned to St Helena;calls;;
l59;lost on Goodwin SandsSouth Foreland;calls;;
l60;Moheli;calls;;
l63;Pangasinan;calls;;
l65;Da;calls;;
l68;Tellicheny;calls;;
l70;Ingeli;calls;;
l78;Culpee;calls;;
l80;towards England;calls;;
l82;Moco Moco;calls;;
l83;Acheh;calls;;
l85;;calls;;
l86;Bantam;calls;;
l89;abandonedMasulipatam;calls;;
l91;Pring;calls;;
l92;Rat Island;calls;;
l93;River Shannon;calls;;
l95;below Second Bar;calls;;
l100;Woolwich ff.6;calls;;
l101;sailing directions for the convoy leaving England;calls;;
l102;Barbados;calls;;
l103;St Augustine's Bay;calls;;
l104;captured by the FrenchScilly;calls;;
l105;wrecked Polperro, Cornwall;calls;;
l108;City Canal;calls;;
l109;Day Downs;calls;;
l110;West India Dock;calls;;
l111;From England;calls;;
l115;captured by the French 9/10;calls;;
l116;Port Jackson;calls;;
l118;Porto Praya;calls;;
l119;Rodrigues;calls;;
l120;Allas;calls;;
l121;Saloomah;calls;;
l122;Madagascar;calls;;
l123;Crookhaven;calls;;
l125;Balambangan;calls;;
l126;Northfleet;calls;;
l129;Fulta;calls;;
l131;Down;calls;;
l134;Guinea;calls;;
l135;Lizard;calls;;
l136;wrecked north of Goa, in 'the Mallwan's country', survivors imprisoned;calls;;
l137;Fernando de Noronha;calls;;
l138;Purfleet;calls;;
l139;from Bengal;calls;;
l142;not heard of after leaving Bengal about the end of;calls;;
l143;Coringa;calls;;
l146;moorings;calls;;
l148;went on shoreBerck nr Boulogne, abandoned;calls;;
l149;From Bantam;calls;;
l150;Delagoa river;calls;;
l151;wreckedMadagascar;calls;;
l152;crew reached Johanna in sloop and longboat;calls;;
l153;met pirates and men deserted to them;calls;;
l154;left Johanna in sloop;calls;;
l155;reached Indian coast nr Vingula;calls;;
l156;captured and plundered by Shivaji's forces;calls;;
l158;Surat 1619, carried Sir Thomas Roe home;calls;;
l159;Voyage lost, ship 'cast away' between London and Gravesend;calls;;
l160;buoyed up and towed to Northfleet;calls;;
l161;joined Anglo;calls;;
l162;Dutch Fleet of DefenceGoa;calls;;
l163;sent for Mozambique Channel;calls;;
l167;broken up, rotten;calls;;
l168;captured by FrenchBombay;calls;;
l169;Bengal river;calls;;
l171;captured by the Dutch;calls;;
l172;Bedthar;calls;;
l174;Cox's Island;calls;;
l175;off Cape San Diego, Argentina;calls;;
l176;off Cape Horn;calls;;
l177;in Sulu Sea;calls;;
l179;wrecked Pelew Islands;calls;;
l180;built a boat, sailed;calls;;
l181;Macao Seevftt account of the Pelew Islands ... George Keate;calls;;
l183;Gogha;calls;;
l185;L/MAR/B/515B Journal;calls;;
l186;Alexander Stirling, Chief Mate Falmouth;calls;;
l187;off Lintin;calls;;
l188;Lower Hope;calls;;
l189;transport;calls;;
l190;see Asiatic Journal  pp.32;calls;;
l191;Toibay;calls;;
l193;Madagascar htor;calls;;
l194;Nicobars;calls;;
l195;at capture of San Antonio carrack in Straits of Malacca;calls;;
l196;sent for England;calls;;
l197;arrived;calls;;
l199;Bandas;calls;;
l200;Comoros;calls;;
l202;Seychelles;calls;;
l205;reached Indian coast nr Mahuwa, Kathiawar;calls;;
l206;sailed for Surat;calls;;
l207;lost on Malacca Banks;calls;;
l208;crew reached Surat;calls;;
l209;Capt Elias Clapp;calls;;
l211;Madras Kedgeree;calls;;
l214;off St Helena took part in capture of seven Dutch ships;calls;;
l215;Simons Bay;calls;;
l217;Samkoke' Island;calls;;
l218;lost 'in the Bengal river;calls;;
l219;New Anchorage;calls;;
l222;Jim Johanna;calls;;
l225;Diamond Harbour Saugor;calls;;
l227;Sydney Cove;calls;;
l228;Wliampoa;calls;;
l229;Left England;calls;;
l230;sent for Jambi;calls;;
l231;made voyages to Jambi, the Bandas and Macassar;calls;;
l232;captured by the Dutch and taken to Japan;calls;;
l233;eventually handed back, but abandoned in;calls;;
l234;Downs captured French ship Baronette;calls;;
l236;off Point de Galle;calls;;
l237;Stokes Bay;calls;;
l238;Arp Cape;calls;;
l239;Bantal;calls;;
l240;left Bengal;calls;;
l241;sent for Taiwan &;calls;;
l242;lostsea during second attempt;calls;;
l243;sailed for England;calls;;
l245;off North Island;calls;;
l246;Capt William Baker;calls;;
l247;off Persian coast;calls;;
l250;lost going into Bombay;calls;;
l251;Moorings;calls;;
l253;Borneo;calls;;
l254;Blackwall * passenger list in journal includes prisoners of war;calls;;
l255;Ceylon;calls;;
l256;Long Reach skirmish with an American ship;calls;;
l257;attacked by piratesSao Tiago;calls;;
l258;seized by nativesMassalege, Madagascar;calls;;
l259;captured there by the Dutch;calls;;
l260;v Downs;calls;;
l261;home via Newfoundland Banks;calls;;
l262;Prince's Island;calls;;
l263;remained in East Indies;calls;;
l264;captured by the French;calls;;
l265;recovered;calls;;
l267;Newfoundland;calls;;
l269;Siam;calls;;
l270;feared lost;calls;;
l271;Long Reach capturedthe French coast;calls;;
l272;Barrabulla;calls;;
l273;Fernando Nova Pina;calls;;
l274;Long Reach carried the body of Sir Eyre Coote back to England;calls;;
l277;Madras^;calls;;
l279;cruising between Cannanore and Mangalore;calls;;
l280;disappeared after parting companyMauritius;calls;;
l281;burntPoint de Galle;calls;;
l282;Capt John Goldsborough;calls;;
l283;Tellicheny Calicut;calls;;
l284;Ruttera;calls;;
l285;Brinjoan;calls;;
l286;voyage ended Portsmouth;calls;;
l287;home mid;calls;;
l288;offered for sale to Royal Africa Company;calls;;
l290;SSo Tiago;calls;;
l292;Pulicat;calls;;
l293;Indrapura;calls;;
l295;from Bombay;calls;;
l296;captured by the French 1694, sank going into Brest;calls;;
l298;Narsapore;calls;;
l299;captured by the FrenchGanjam;calls;;
l300;Texel;calls;;
l301;blown upBasra;calls;;
l303;Sumatra;calls;;
l304;Mozambique Channel;calls;;
l305;leftGoa in 1639, broken up in;calls;;
l306;returned to China for repairs;calls;;
l307;Whampoa Second Bar;calls;;
l308;L/MAR/B/414A Journal;calls;;
l309;1795, anon Penang;calls;;
l310;attacked by pirates after leaving Mokha;calls;;
l311;blown up by accident while engaging Sivaji pirates;calls;;
l312;Diego Garcia Bay;calls;;
l313;cruising Coromandel coast;calls;;
l314;left China;calls;;
l315;took part in battle of Pulau Aor;calls;;
l316;Capt James Birkdell Downs;calls;;
l317;Assada;calls;;
l318;* carried planters to form colonyAssada;calls;;
l319;Benjarmassin;calls;;
l320;Banjarmassin;calls;;
l321;off St Helena, unable to call because of French ships;calls;;
l325;towards England', engagement with a French ship;calls;;
l326;New South Wales;calls;;
l328;Car Nicobar;calls;;
l329;Princes Island;calls;;
l330;Bencoolen;calls;;
l331;Pulau Pisang;calls;;
l333;Nagore;calls;;
l334;Jim Madras;calls;;
l335;dismissed in hurricane;calls;;
l336;condemnedCalcuttta;calls;;
l337;lostJohanna;calls;;
l340;Bertoonan;calls;;
l341;Madras, forced out by a French ship;calls;;
l342;lost 'off the Brazils;calls;;
l343;Diamond Point;calls;;
l345;Downs *;calls;;
l346;captured French ship Le Vengeur;calls;;
l350;coastal cruise;calls;;
l351;lost on the Goodwin Sandsthe South Foreland;calls;;
l352;Capt Thomas Gilbert;calls;;
l353;Kamree Roads;calls;;
l355;captured by the FrenchPoint de Galle, ran ashore in Simons Bay, Cape,;calls;;
l357;Torbar;calls;;
l358;Capt Richard Glasspoole Downs;calls;;
l360;koo;calls;;
l363;served in Anglo;calls;;
l364;Dutch Fleet of Defence basedHirado;calls;;
l365;at Lagundy in;calls;;
l366;laid up in;calls;;
l367;Porta Nova;calls;;
l368;wreckedCadargos, Carajos Reefs nr Mauritius,;calls;;
l369;captain, surgeon's mate and crew drowned;calls;;
l372;Whampaoa;calls;;
l373;Fernando Loronho;calls;;
l374;captured by French Oct, recovered;calls;;
l375;Carrick Road;calls;;
l376;Capt Jonathan Andrews;calls;;
l379;Bentoonan;calls;;
l380;Scindy;calls;;
l382;parted companyMauritius 1809, not heard of again;calls;;
l384;First Bar;calls;;
l385;St Helena Long Reach;calls;;
l386;Left China;calls;;
l387;Timor;calls;;
l389;captured by French in Straits of Malacca;calls;;
l390;Carrig Roads;calls;;
l391;JulBalasore;calls;;
l393;Tom Borneo;calls;;
l395;Malwa;calls;;
l396;Second bar;calls;;
l397;Finish Roads, Ireland;calls;;
l399;Lantau;calls;;
l400;Lampagao;calls;;
l401;captured by piratesJohanna;calls;;
l402;MadrasBengal;calls;;
l403;Upper Hope;calls;;
l408;L/MAR/B/115C Journal;calls;;
l409;1717, Francis Gostlin, Fourth Mate Lizard;calls;;
l410;wrecked in Straits of Sunda;calls;;
l411;crew reached Benkulen on Rochester;calls;;
l412;Long Reach * fleet captured Le Franc, crew of Ceres took possession;calls;;
l413;Sidney Cove;calls;;
l414;captured by the French, retakenMauritius;calls;;
l415;Cochin Calicut;calls;;
l416;lostthe Cape;calls;;
l418;Bristol Channel;calls;;
l420;Surat, accidentally destroyed by fire;calls;;
l421;Apr/May Maldives;calls;;
l423;not heard of again;calls;;
l424;occupied Hippin's Island in Straits of Sunda;calls;;
l425;withdrew Hippin's Island settlement;calls;;
l426;Bombay, negotiations with Keigwin, re;calls;;
l427;occupied Bombay;calls;;
l428;Chuenpi;calls;;
l429;Narispore;calls;;
l430;Narsipore;calls;;
l431;captured by the French in 6Â° 30'N, 90Â° 30'E;calls;;
l432;Augustine's Bay;calls;;
l433;to remain India;calls;;
l434;Jangarall Creek, Calcutta;calls;;
l435;Macao islands;calls;;
l436;Capt Francis Hosier;calls;;
l437;Bantam, laid up in;calls;;
l438;Quilton;calls;;
l439;Kidderporc;calls;;
l440;Jakatra;calls;;
l441;sent for Japara, Macassar and the Moluccas;calls;;
l442;in the Goa fleet;calls;;
l443;castat sea and sank;calls;;
l445;Scindy Road;calls;;
l446;Red Sea;calls;;
l447;Bachian;calls;;
l448;Makian;calls;;
l449;Tidore;calls;;
l451;Cocos Keeling Islands;calls;;
l452;Petapoli;calls;;
l453;laid up in 1623, rotten;calls;;
l454;St Paul;calls;;
l455;Iambi;calls;;
l456;Persian Gulf;calls;;
l457;Mew Bay;calls;;
l458;wrecked Aug, struck a rock entering False Bay;calls;;
l459;returned to Calcutta;calls;;
l460;captured north of Madeira Jul, recovered;calls;;
l461;at Masulipatam;calls;;
l462;captured and burnt in Malabars;calls;;
l465;burntBenkulen;calls;;
l466;sent for Macasser, Amboina and Bandas;calls;;
l467;backBantam;calls;;
l468;sent for Celebes and Bandas;calls;;
l469;withdrew in face of Dutch opposition;calls;;
l470;scuttledBatavia;calls;;
l471;St Laurence;calls;;
l472;Moluccas;calls;;
l475;Trinidade;calls;;
l476;Tumala Punta;calls;;
l477;Quedah;calls;;
l478;Capshee Bay;calls;;
l479;Catherine and Planter lost company;calls;;
l480;Planter rejoined;calls;;
l481;Discovery sent back to England, Anne sent for India alone;calls;;
l482;Goa, joined there by Catherine and Anne, left;calls;;
l483;Planter sent back to England;calls;;
l484;Anunghol;calls;;
l485;captured Chinese fort;calls;;
l486;Tiger Island;calls;;
l487;fought Chinese junks;calls;;
l488;Macao, Anne sold there, CatherineDec, Dragon and Sun;calls;;
l490;lost on voyage to Taiwan;calls;;
l491;captured by French in 50Â° 21'N. 17Â°W;calls;;
l492;Long Reach * engagement with three French ships;calls;;
l493;Bearhaven;calls;;
l495;free ship to trade in the country;calls;;
l496;blockaded Mokha until;calls;;
l497;Ceram;calls;;
l498;Kambelu;calls;;
l501;Pattani, laid up there;calls;;
l503;expedition agst Angria pirates;calls;;
l504;lost north of Sadras;calls;;
l505;Capt Marmaduke Rawdon;calls;;
l507;lost in the Hugh;calls;;
l508;Pulo Run;calls;;
l509;seized by Dutch;calls;;
l510;in reported laid up as a wreck in the Bandas;calls;;
l511;left Madras;calls;;
l513;Taverapatam;calls;;
l514;left Benkulen;calls;;
l515;Fulla;calls;;
l516;Tambomeo;calls;;
l517;burntBenkulen to prevent her capture by the French;calls;;
l518;Whampoa St Helena;calls;;
l519;off Ascension;calls;;
l520;Annabon;calls;;
l522;Galway Bay;calls;;
l523;Simon's Bay;calls;;
l524;Pipli;calls;;
l526;Westcott Bay;calls;;
l527;captured by Angria;calls;;
l528;remained in India;calls;;
l529;Tellicherry Bombay;calls;;
l530;Portsmouth Ar;calls;;
l531;Bombay Goa;calls;;
l532;wrecked in Saugor Roads;calls;;
l533;Dutch Fleet of DefenceMalabar 1622/3;calls;;
l534;at Lagundy Mar/Apr;calls;;
l535;laid up as a careening hulk early;calls;;
l536;Capt Thomas Woodcock Downs;calls;;
l537;Left Bengal;calls;;
l539;Ramsey, Pembrokeshire;calls;;
l540;Morardava;calls;;
l541;Massaleige;calls;;
l542;Prawdar;calls;;
l543;Boyne Harbour;calls;;
l544;Tuloa;calls;;
l545;Ratcliffe;calls;;
l547;off Greenland;calls;;
l548;Warwick's Foreland;calls;;
l549;penetrated Hudson's Strait, driven out and south;calls;;
l550;voyage abandoned;calls;;
l551;off Scilly;calls;;
l552;back in England by;calls;;
l553;sacked Bombay;calls;;
l554;Surat Cape;calls;;
l555;Mozamibique Channel;calls;;
l556;lost on homeward voyage;calls;;
l557;Left Bantam;calls;;
l558;Spilhead;calls;;
l559;cruising;calls;;
l560;The wreck was located and 'salvaged' in 1977/8;calls;;
l561;Clive's lost treasure, Geoffrey & David Allen;calls;;
l563;voyage ended * attacked by pirate in Straits of Malacca;calls;;
l564;Long Reach * assisted in capture of French ship;calls;;
l565;Macasser;calls;;
l566;voyages to Jambi and Masulipatam;calls;;
l568;permission to garrison Macao refuseed;calls;;
l569;Sambroke;calls;;
l570;Long Reach * recaptured ^4Rainier from French;calls;;
l571;Temate;calls;;
l572;met Hector in Straits of Sunda and returned;calls;;
l573;Swally;calls;;
l574;captured by DutchTiku;calls;;
l575;detained by Dutch;calls;;
l576;subsequently lost;calls;;
l577;soldMadras;calls;;
l578;Banjarmassin Tambomeo;calls;;
l580;Leith;calls;;
l581;Morandava;calls;;
l582;Morungary river;calls;;
l583;Moco Moco Benkulen;calls;;
l584;M Malacca;calls;;
l585;Downs * insert A short formula for longitude, having the linear tables etc Samuel Dunn;calls;;
l586;Point de Gale;calls;;
l587;Bali Straits;calls;;
l588;Gorec, Holland;calls;;
l589;Jim New Anchorage;calls;;
l594;Pisang;calls;;
l595;lost on Long Sand in the river Hugh 25/26;calls;;
l596;burnt in Madras Roads;calls;;
l598;Portsmouth Long Reach;calls;;
l599;cape;calls;;
l601;Ar Mokha;calls;;
l602;lost in Ayoffe Bay, Cape Verde,;calls;;
l603;Bombay Surat;calls;;
l604;burntCeylon;calls;;
l605;Pulo Bay;calls;;
l606;Capt Torbay;calls;;
l607;Downs Penang;calls;;
l608;Urmston's Bay;calls;;
l609;Chaul;calls;;
l610;Enth;calls;;
l611;driven on shore by a hurricane;calls;;
l612;condemnedCalcutta;calls;;
l613;Bantry Bay;calls;;
l614;Galloway;calls;;
l615;Second Bar â–  St Helena;calls;;
l616;Lone Reach WreckedPlymouth;calls;;
l617;in action against Portuguese;calls;;
l618;voyages between Surat and Java in 1627, and;calls;;
l619;laid upBantam;calls;;
l620;Downs _ , i _.;calls;;
l621;Borneo river;calls;;
l623;burnt before;calls;;
l624;Broken Ground' Bengal;calls;;
l625;Kedgeree â–  Saugor;calls;;
l626;burnt in the river Hugh;calls;;
l627;lost in the river Hugh;calls;;
l628;lost on the Shambles;calls;;
l629;Ingeh;calls;;
l630;Portsmouth as transport with HMS Salisbury and Seahorse under Commodore Sir Edward Hughes;calls;;
l631;lost in Madras Roads;calls;;
l632;lost on the Camicobar Jim;calls;;
l633;Moco;calls;;
l635;Onroot;calls;;
l636;Pulau Pisang Cape;calls;;
l637;All Saints' Bay;calls;;
l638;Downs * witnessed burning of Duke of Kingston, received survivors;calls;;
l639;SWSMW1772;calls;;
l640;Portsmouth June;calls;;
l641;M Whampoa;calls;;
l642;Pulo Massey;calls;;
l643;PortsmouthSMay;calls;;
l644;Severndroog;calls;;
l645;Bancoot;calls;;
l646;Portsmouth3 oÂ°Mar;calls;;
l647;Teliicheriy;calls;;
l648;Long Reach rescued crew of sinking Ganges;calls;;
l649;Portlmmrth 8Â°May ^OS11;calls;;
l650;pCS0r:â€œ;calls;;
l651;saugor;calls;;
l652;Downs capture of Mangalore fort from French;calls;;
l653;lost on the Perates, South China Sea,;calls;;
l654;wrecked south of the Paracels 1763, some survivors reached Canton See G/12/195 ff.30;calls;;
l655;Sural;calls;;
l656;Teilicherry;calls;;
l657;Culpce;calls;;
l658;Ingcli;calls;;
l659;Kinsaie;calls;;
l661;L/MAR/B/aSB Journal;calls;;
l662;1741, Gabriel Steward [CapCI Portsmouth;calls;;
l663;Chusan;calls;;
l664;See G/12/16 Chusan Diary;calls;;
l665;Port Dauphin, Madagascar;calls;;
l666;off Newfoundland;calls;;
l667;Downs See G/17/3 ff.81;calls;;
l668;for invoices etcMokha;calls;;
l669;Whampoa Downs;calls;;
l671;Inseli;calls;;
l673;Myapore;calls;;
l674;Garden Reach;calls;;
l675;Downs * inc Cargo Book;calls;;
l676;Downs engagement with French privateer La Venus;calls;;
l677;with Anglo;calls;;
l678;Dutch Fleet of Defence from Japan;calls;;
l679;All Saints5 Bay;calls;;
l680;burnt in China;calls;;
l682;Capt Thomas Forrest;calls;;
l683;burntWhampoa;calls;;
l684;remained in India, voyages to Bandar Abbas;calls;;
l685;1647, Pegu 1648, Bantam;calls;;
l686;Master Edmund Seaman;calls;;
l687;Master Janus Couchman;calls;;
l688;Gravsend;calls;;
l689;Mew Island;calls;;
l690;Alguarda;calls;;
l691;Tnncomalee;calls;;
l692;return to Bombay;calls;;
l693;St St Helena;calls;;
l694;Colombo Roads;calls;;
l695;lostDondra Head, Ceylon,;calls;;
l698;Bajalar;calls;;
l699;St Salvadore;calls;;
l700;jun Penang;calls;;
l701;captured by French 1809, re;calls;;
l702;capturedMauritius;calls;;
l703;Dutch Fleet of DefenceMalabar;calls;;
l704;DowwMarll^Batavia;calls;;
l705;Priaman;calls;;
l706;Mauntius;calls;;
l707;DownsDec;calls;;
l708;Tappanooly Bay;calls;;
l709;Portsitmuth nS^lSlO;calls;;
l710;Calcutta 2^13^96^24 Saugor;calls;;
l711;Capt Nathaniel Owen;calls;;
l712;BL: Sloane Ms Journal;calls;;
l713;1682, Thomas Crompton Cape;calls;;
l714;Botun;calls;;
l715;voyage ended summer;calls;;
l716;Dhufar;calls;;
l717;landed Sir Robert Sherleymouth of Indus;calls;;
l718;Downs late;calls;;
l719;broken up;calls;;
l720;James Fort, Gambia;calls;;
l721;Bay of Ayoffe;calls;;
l722;James Fort;calls;;
l723;voyage ended To look for survivors of Duke of Cumberland, lost in Bay of Ayoffe;calls;;
l725;Taiwan;calls;;
l726;Pescadores;calls;;
l727;captured by Dutch in Straits of Banca;calls;;
l728;Anjengo St Helena;calls;;
l729;parted company with the fleet in a gale in 8Â°80'S by 80'E, not heard of again;calls;;
l730;lost in the river Hugli;calls;;
l731;burnt in Bombay harbour;calls;;
l733;Bantam SoldBatavia;calls;;
l734;capturedthe Lizard by a Flushing man;calls;;
l735;of;calls;;
l736;war and taken to Bergen;calls;;
l737;wreckedBombay;calls;;
l738;Sen Bcnkuien;calls;;
l739;Jui St Helena;calls;;
l741;Blackwail;calls;;
l742;stranded on Sogar Bank, Bengal,;calls;;
l743;bt Helena;calls;;
l744;captured on her passage to Bengal by the French frigate Piedmontaise;calls;;
l746;Hong Kong Bay;calls;;
l747;Jim Bombay;calls;;
l749;L/MAM/A/LXXIV pp.52;calls;;
l750;Journal;calls;;
l753;L/MAE/A/LXXIV pp.125;calls;;
l754;Journal Jun=10 Bantam;calls;;
l755;Tonkin;calls;;
l756;engagment with FrenchSao Tiago;calls;;
l757;Cockelee;calls;;
l758;captured by French frigate La Fine;calls;;
l759;Capt Thomas Smith Downs;calls;;
l760;Tcllicherry;calls;;
l761;Plymouth * during the voyage there were deaths;calls;;
l762;Barrabulla, Sumatra;calls;;
l763;nampoa;calls;;
l764;Rio de Janeior;calls;;
l765;Andamans;calls;;
l766;Balambang;calls;;
l767;Tellicherty;calls;;
l768;˜East Indies;calls;;
l769;left Madras for Benkulen 1791, not heard of again See;calls;;
l771;Sulu Roads;calls;;
l772;Carrick Roads;calls;;
l773;Capt Thomas Newsham Portsmouth;calls;;
l774;iph;calls;;
l775;captured by French privateer L 'Aventure, crew placed on American ship Henry;calls;;
l777;Goree;calls;;
l778;Broken Ground;calls;;
l779;Camicobar;calls;;
l780;lostSt Vincent;calls;;
l781;captured, with the Godfrey, Hillsborough, Mountstuart and Royal George, by the combined Franco;calls;;
l782;Spanish fleet in 36028'N & 15Â°20'W;calls;;
l783;lost on the Dutch coast;calls;;
l784;Downs * assisted in capture of three Dutch shipsSt Helena;calls;;
l786;Whmpoa;calls;;
l787;Chumpee;calls;;
l788;L/MAR/B/290A Journal;calls;;
l789;1795, anonChina;calls;;
l790;Fernando Noronha;calls;;
l791;Hugh river;calls;;
l792;Downs St Helena;calls;;
l793;Batavia St Helena;calls;;
l796;River Plate;calls;;
l798;Bouro;calls;;
l799;Sumbava;calls;;
l800;off Ceylon;calls;;
l801;Pattani,for Ayutthaya;calls;;
l802;returned to Pattani,again;calls;;
l803;voyage ended late;calls;;
l804;Engano;calls;;
l805;laid upBatavia 1623, rotten;calls;;
l806;parted company in a gale in 8Â°30'S 80'E and not heard of again;calls;;
l807;Capt Philip Browne Plymouth;calls;;
l808;lost;calls;;
l809;captured  by the combined Franco;calls;;
l810;Spanish fleet in 36Â°28'N IS^O'W;calls;;
l811;lostBombay;calls;;
l812;Ryapore;calls;;
l813;attempted mutiny;calls;;
l814;penetrated Hudson's Strait but driven out and south;calls;;
l815;Capt John North;calls;;
l816;Capt James Cook;calls;;
l818;Capt Robert Potter Downs;calls;;
l819;sold in India;calls;;
l820;Assembledthe Cape by the Fourth Voyage;calls;;
l821;blownSocotra, ran ashore on Gujarat coast about Aug, crew deserted;calls;;
l822;Capt James Murvell;calls;;
l823;lost in Bengal;calls;;
l824;not heard of since the storm in Bengal;calls;;
l825;˜English coast;calls;;
l826;off Dungeness;calls;;
l827;Sillebar;calls;;
l828;Downs See D/99 ff.5;calls;;
l829;for a crew list;calls;;
l830;Maldives;calls;;
l831;Sheemess;calls;;
l832;lostFolkestone;calls;;
l833;Gambia river;calls;;
l834;captured by the Frenchthe Cape;calls;;
l835;Gravesend * attacked by piratesJohanna;calls;;
l836;Managalore;calls;;
l837;Erith See D/98 ff.250;calls;;
l838;Downs See E/3/21 no.2081;calls;;
l839;ship lostthe 'island of Zelo;calls;;
l840;Whampo;calls;;
l841;wreckedPondoland, South Africa,;calls;;
l843;lost between Peverill Point and St Alban's Head, Isle of Purbeck See A circumstantial narrative of the loss of the Halsewell...;calls;;
l844;Point de Gallc;calls;;
l845;captured by the Dutch in the Banka Straits;calls;;
l846;disappeared between Balasore and Masulipatam;calls;;
l847;Morendavia Bay;calls;;
l848;Jim Fort St David;calls;;
l849;Capt Edmund Scott;calls;;
l850;Tenerife ~ Madras;calls;;
l851;Calcutta = St Helena;calls;;
l852;Pondicheny;calls;;
l853;Madras = Penang = Calcutta = Kedgeree;calls;;
l854;St Helena = Downs;calls;;
l855;Achch;calls;;
l856;Table Bay;calls;;
l857;Vizagapatam = Madras;calls;;
l858;Saugor = Point de Gallc;calls;;
l859;Downs * pen & ink sketch of the ship;calls;;
l860;burntCalcutta;calls;;
l861;Port Dauphin;calls;;
l862;Masirah;calls;;
l864;Lagundy;calls;;
l866;Downs * journal includes sketches;calls;;
l867;voyage ended by;calls;;
l868;Bowns;calls;;
l870;remained in India ?;calls;;
l871;lostBonavista;calls;;
l872;Lombok;calls;;
l873;returned to Benkulen, gale damaged;calls;;
l874;portsmouth;calls;;
l876;Malabar coast;calls;;
l877;lost in the Bab el Mandeb;calls;;
l878;11May St Helena;calls;;
l879;took part in capture of San Antonio carrack in Straits of Malacca;calls;;
l880;river Tapti;calls;;
l881;Red Sea blockade;calls;;
l882;Bantam, abandoned, rotten;calls;;
l883;coast of Sindey;calls;;
l884;Bally Town;calls;;
l885;lost on Bembridge Ledge, Isle of Wight,;calls;;
l886;â– 51 St Helena;calls;;
l887;Lintin Roads;calls;;
l888;"Whampoa "" Second Bar";calls;;
l889;Karakaul;calls;;
l891;fought with French warships, blown upJohanna;calls;;
l892;Capt Richard Chadsley Downs;calls;;
l894;Poolo Bay;calls;;
l895;Dock;calls;;
l896;1^26 St Helena;calls;;
l897;Singapaore;calls;;
l898;Cap Sing Moon;calls;;
l899;Capt William Morris Downs;calls;;
l900;Capt John Hazlewood;calls;;
l901;lost in Persia;calls;;
l902;The Hope;calls;;
l903;captured with Gatton, Godfrey, Mountstuart and Royal George by combined Franco;calls;;
l904;Spanish fleet in 36Â°28'N 15Â°20'W;calls;;
l905;lost in the Bengal river;calls;;
l906;repairedcoast of China;calls;;
l907;Srat;calls;;
l908;voyages between Bantam and Surat;calls;;
l909;Tristan de Cunha;calls;;
l910;St Paul's Island;calls;;
l911;Condore;calls;;
l912;Cochin China;calls;;
l913;off Teinchin;calls;;
l914;Capt George Millett Fortmouth;calls;;
l916;Killybeg' Ireland;calls;;
l917;Dutch Fleet of Defence based in Japan;calls;;
l918;L/MAR/B/168;calls;;
l919;I Journal;calls;;
l920;1806, anon Left Bengal;calls;;
l921;St Margaret's Orkney;calls;;
l923;presumably laid up, rotten;calls;;
l924;Princes' Island;calls;;
l925;Manila Bay;calls;;
l926;captured by the DutchPattani;calls;;
l927;Gomes Island;calls;;
l928;Rendezvous Island' Borneo;calls;;
l930;broughtsettlers after Dutch capture of St Helena on;calls;;
l931;towards England' HURLEY;calls;;
l932;Cap Sing Moon Bay;calls;;
l933;Bandar Abbas Bombay;calls;;
l935;Capt Robert Hill;calls;;
l936;to remain;calls;;
l939;Cap Sprat;calls;;
l940;from England;calls;;
l941;Whampa;calls;;
l942;Pattern;calls;;
l943;Scillies;calls;;
l944;Sierra Leone;calls;;
l945;Ireland;calls;;
l946;Downs Broken up in;calls;;
l947;Tanjayang;calls;;
l948;Capt John Balchen;calls;;
l949;Dutch Fleet of Defence based m Japan;calls;;
l950;Trimdade;calls;;
l951;returned to Bantam;calls;;
l952;Jim Madeira;calls;;
l954;Colvin's Ghat;calls;;
l955;Capl Michael Martin;calls;;
l956;St Salvadorc;calls;;
l957;parted companyMauritius and not heard of again;calls;;
l958;Masuhpatam;calls;;
l959;Masulipalam;calls;;
l960;left Bantam for Surat summer 1641. not heard of again;calls;;
l961;wrecked Cape Aghulas. South Africa;calls;;
l962;Downs Muckncll seized the ship on behalf of Charles I;calls;;
l963;Bandar Abbas ' Surat;calls;;
l964;left Bantam and not heard of again;calls;;
l965;Delagoa;calls;;
l967;voyage ended Bristol;calls;;
l968;Djapara;calls;;
l969;Madapollam;calls;;
l970;Johore river;calls;;
l971;Lmtin;calls;;
l972;voyage ended Downs;calls;;
l973;Cape Verde Islands;calls;;
l974;Tristan da Cunha;calls;;
l975;Kmsale;calls;;
l976;Indialee;calls;;
l978;Pnng Manna;calls;;
l979;captured by a French privateerthe Sand Heads;calls;;
l980;burnt in the Bay of Biscay;calls;;
l981;Acension;calls;;
l982;Cape St Mary, Madagascar;calls;;
l983;"Erith [""this concludes a long and dangerous voyage""]";calls;;
l984;lostMadras;calls;;
l985;North Island;calls;;
l986;Coopers Bay;calls;;
l987;Madras â–  Madras;calls;;
l988;wrecked on Leytons Rock, south;calls;;
l989;west of Bonavista island;calls;;
l990;Culpee Madras;calls;;
l991;Capt Henry Becher Portsmouth;calls;;
l992;Saugor St Helena Downs;calls;;
l993;Algoa Bay;calls;;
l994;Benkulen St Helena;calls;;
l995;Capt George Simpson Torbay;calls;;
l996;Downs * journal contains a chart of New South Wales;calls;;
l997;Released by the French in Simons Bay;calls;;
l998;Banca Straits;calls;;
l999;Borneo coast;calls;;
l1000;off Madagascar;calls;;
l1001;sold in Bengal;calls;;
l1002;Eastern Channel;calls;;
l1003;Caipang Bay;calls;;
l1004;Tasmama;calls;;
l1005;in action agst French ships;calls;;
l1006;Capt James Shrive;calls;;
l1007;Pulau Condore;calls;;
l1008;lostMozambique;calls;;
l1009;Dunnose;calls;;
l1010;St Eustatia;calls;;
l1011;Jim Mauritius;calls;;
l1012;off Pondicherry;calls;;
l1013;driven on shore near Fort St David by a violent wind, abandoned;calls;;
l1014;fired herself m action agst PortugueseBandar Abbas;calls;;
l1015;Moheli Madras;calls;;
l1016;Telhcherry;calls;;
l1017;Portland Bill;calls;;
l1018;Hollis Bay;calls;;
l1019;St Helena, to settle the island;calls;;
l1021;Pulau Run;calls;;
l1022;Downs * includes 'Directions from Bantam to Makassar' by John Edwards;calls;;
l1023;Capt John Privett;calls;;
l1024;Capt Joseph Eaton;calls;;
l1026;off Parcelar;calls;;
l1027;Portsmouth Dock;calls;;
l1028;Madras, to remain;calls;;
l1029;Second Bar St Helena;calls;;
l1030;run down by HMS RussellBerry Head, total loss;calls;;
l1031;capture of French ship Ceres;calls;;
l1032;Downs * log includes crew list of Regent;calls;;
l1033;went ashoreKedgeree in a hurricane, condemned;calls;;
l1034;off Bantam;calls;;
l1035;Culpee, to remain in India;calls;;
l1036;St George's Channel;calls;;
l1037;DootTm S7l763;calls;;
l1038;Madias;calls;;
l1039;lost nine miles to southwards of Boulogne;calls;;
l1040;Cupee;calls;;
l1041;ship lost;calls;;
l1042;taken by French privateer Bellona;calls;;
l1043;recaptured by HMS Colossus;calls;;
l1044;Capt William Hambly Portsmouth;calls;;
l1045;SÃ£o Tiago;calls;;
l1047;Downs April;calls;;
l1048;Scilly;calls;;
l1049;Rogue's River;calls;;
l1050;M;calls;;
l1051;Capt Nathamel Horseman;calls;;
l1052;Downs * f. lOv sketch of Table Bay;calls;;
l1053;Miapore;calls;;
l1054;Leith Road;calls;;
l1055;Fultah;calls;;
l1056;Sagor;calls;;
l1058;Bankshall;calls;;
l1059;attacked by three French warships nr Ganjam;calls;;
l1060;Rogues Rrver;calls;;
l1061;Cox s Island;calls;;
l1062;burnt in the Thames;calls;;
l1064;Downs * The shipPortsmouth 1804, to remain in India;calls;;
l1065;Ar St Helena;calls;;
l1066;wreckedMadras * journal includes minutes of enquiry into the loss;calls;;
l1068;^ Saugor;calls;;
l1069;went aground in the Bombay harbour;calls;;
l1070;lost on Margate Sands;calls;;
l1071;wrecked in the Hugh;calls;;
l1072;San Thome;calls;;
l1073;forced back to St Augustine's Bay;calls;;
l1074;Capt Matthew Crover;calls;;
l1075;The Nore;calls;;
l1076;Tellicherxy;calls;;
l1077;Downs * journal includes coastline profiles of St Helena;calls;;
l1078;Downs * includes cargo book;calls;;
l1079;sailing between the island, the Cape and Madagascar;calls;;
l1080;Portsmouth M;calls;;
l1083;Capt Roger Paxton;calls;;
l1084;Frith;calls;;
l1086;turned pirate after leaving Bombay;calls;;
l1087;lost in a hurricane;calls;;
l1088;Burah Bazaar;calls;;
l1090;Downs * & engagements with Angria pirates;calls;;
l1091;coasting;calls;;
l1092;blown upDiamond Point;calls;;
l1093;joined Fleet of Defence based in Japan;calls;;
l1094;wrecked in Dover Roads;calls;;
l1095;Bab el Mandeb;calls;;
l1096;captured by Algerine pirates;calls;;
l1097;driven from anchors in a storm and wrecked on 'Fly Island', Holland;calls;;
l1098;July Madras;calls;;
l1099;2i jun Whampoa;calls;;
l1100;Cor;calls;;
l1101;captured with the Gatton, Godfrey, Hillsborough and Royal George by the combined Franco;calls;;
l1102;Left India;calls;;
l1103;lost with all handsRoscvear, Scilly;calls;;
l1104;Kinsalc;calls;;
l1105;Beachy Head;calls;;
l1106;Dee Ingcli;calls;;
l1107;Culpcc;calls;;
l1108;Ingcli Dee;calls;;
l1109;sank leaguesthe Lizard;calls;;
l1110;Dee Bombay;calls;;
l1111;Dee Sural;calls;;
l1112;Banlal;calls;;
l1113;Bcnkulcn;calls;;
l1114;Dee Cuddalorc;calls;;
l1115;Texcl;calls;;
l1116;Dee Benkulen;calls;;
l1117;Manduta;calls;;
l1118;downs;calls;;
l1119;in the Channel;calls;;
l1120;lost'Manacaree;calls;;
l1121;Ballamboan;calls;;
l1122;Downs * diagram of fleet's sailing order;calls;;
l1123;Rajah Basa Roads;calls;;
l1125;laid up, rotten;calls;;
l1126;Capt William Mackett Downs;calls;;
l1127;list of men transfer to the Nonsuch after the wreck of the Vansittart 'Sangee Booloo' Bay;calls;;
l1128;Dublin Bay;calls;;
l1129;Madasgascar;calls;;
l1130;S2o Tiago;calls;;
l1131;disappeared after leaving Madras on;calls;;
l1132;blown upsea;calls;;
l1133;parted from the Hardwick in a violent storm about leagues east of Bourbon and not heard of again;calls;;
l1134;˜At China;calls;;
l1135;Porthsmouth;calls;;
l1136;Oc Bombay;calls;;
l1137;San Salvadore;calls;;
l1138;Downs * includes a letter from Dutch EIC agents about prisoners of war,;calls;;
l1139;lost in Margate Road;calls;;
l1140;Lankeet Flat;calls;;
l1141;struck reef of Kalata 7Â°9,S 121Â°E, ship scuttled Feb,island in small boats;calls;;
l1142;off Chumpee;calls;;
l1143;Port Philip;calls;;
l1144;at Port Jackson;calls;;
l1145;II Cape;calls;;
l1146;Bomay;calls;;
l1147;Balassore;calls;;
l1148;San Savadore;calls;;
l1149;captured by French ship La Forte of guns, badly damaged, allowed to proceed;calls;;
l1150;reclaimed as a prize by La Sybille, allowed to proceed;calls;;
l1151;Mozamibique;calls;;
l1152;Mozambique Chanel;calls;;
l1153;voyage ended mid;calls;;
l1154;at Cape;calls;;
l1155;left Priaman;calls;;
l1156;at Ceylon in;calls;;
l1157;left for England 1613, arrived in the autumn;calls;;
l1158;Armagon;calls;;
l1159;laid upBantam in;calls;;
l1160;not heard of since the storm in the river Hugh;calls;;
l1161;towards Lisbon;calls;;
l1162;blockadeAden;calls;;
l1163;Starits of Sunda;calls;;
l1164;laid up in Java as a careening hulk;calls;;
l1165;Downs * sketches f.22 Trinidade, f.32 Cape;calls;;
l1166;blown upMadras;calls;;
l1167;lostScilly;calls;;
l1168;lost near Cape Comorin;calls;;
l1169;Colombo Bombay;calls;;
l1170;Madras Downs;calls;;
l1171;manna;calls;;
l1172;captured French brig La France;calls;;
l1173;captured by French and taken into Mauritius, prisoners freedBombay;calls;;
l1174;Downs * see 'The voyage of the Pitt;calls;;
l1175;a turning point in the East India navigation', R P Crowhurst, Mariner's Mirror  pp.43;calls;;
l1176;Trinidale;calls;;
l1178;Capt Benjamin Fisher Portsmouth;calls;;
l1179;Balasore Calcutta;calls;;
l1181;Hog River Creek, Bengal;calls;;
l1182;wrecked 9/11 Helston Rocks, Mount's Bay, Cornwall;calls;;
l1184;Do Ingeli;calls;;
l1185;returned to Pondicheny;calls;;
l1187;Manabulle;calls;;
l1189;Lye Road;calls;;
l1190;Bay of Bulls, Newfoundland;calls;;
l1191;not heard of after the;calls;;
l1193;King's Channel;calls;;
l1194;Tamborneo;calls;;
l1196;Iceland;calls;;
l1197;Gunfleet;calls;;
l1198;Malacca Whampoa;calls;;
l1200;New Year's Island;calls;;
l1201;Nootka Sound;calls;;
l1202;Queen Charlotte's Islands;calls;;
l1203;Sandwich Islands;calls;;
l1204;Montague Island;calls;;
l1205;off Morotai;calls;;
l1206;off Taiwan;calls;;
l1207;left Madras and foundered in a gale;calls;;
l1208;Portsmouth Madras;calls;;
l1209;Capt John Innes Downs;calls;;
l1210;Madras, decoyed and captured there bv the French;calls;;
l1211;burntPigeon Island;calls;;
l1212;taken by the French;calls;;
l1213;Straits of New Guinea;calls;;
l1214;returned to Macao;calls;;
l1216;Bab el Mandel;calls;;
l1217;captured by a French frigate in Vizagapatam Roads;calls;;
l1218;lost on a reefMaio, Cape Verde Islands;calls;;
l1219;returned to Kinsale;calls;;
l1220;capturedMadras by the French;calls;;
l1221;returned to Penang;calls;;
l1222;Culpeee;calls;;
l1223;off Beachy Head;calls;;
l1224;off Java Head;calls;;
l1225;captured by the FrenchAnger Point;calls;;
l1226;Croce;calls;;
l1227;Geriah;calls;;
l1228;East India Docks;calls;;
l1229;taken by the FrenchSt Helena;calls;;
l1230;burntSan Salvadore;calls;;
l1231;along Sumatra coast;calls;;
l1232;* inc coastline sketches;calls;;
l1233;Cape Lagullas, False Cape, St Helena;calls;;
l1234;off Bankshall;calls;;
l1235;returned by;calls;;
l1236;captured in Tellicheny Roads by French frigate Prenuse;calls;;
l1237;Downs Dee;calls;;
l1238;Downs Jim;calls;;
l1239;Dee Calcutta;calls;;
l1240;Surat Dee;calls;;
l1241;Mohcli;calls;;
l1242;Bantam, foundered May, broken up;calls;;
l1243;lost nr Manila;calls;;
l1244;6'Aug Penang;calls;;
l1245;Capt Francis Wilshaw;calls;;
l1246;lost in a storm in Balasore Roads between;calls;;
l1247;off Bengal;calls;;
l1249;Cock Island;calls;;
l1250;Island;calls;;
l1253;A Downs;calls;;
l1254;Pulo Timan;calls;;
l1255;Capt William Dyke;calls;;
l1256;Capt John Bromwell;calls;;
l1257;Kitow;calls;;
l1258;Capt William Browne;calls;;
l1259;Kisnapatam;calls;;
l1260;Downs Sankher anchorsGarden Island, Western Australia, 1831. Her emigrant passengers established the settlement Rockingham Town.;calls;;
l1261;Coromandel Coast;calls;;
l1262;in England by;calls;;
l1263;at Priaman and Tiku in;calls;;
l1264;at Surat and Mokha in;calls;;
l1265;at Batavia and Masulipatam in;calls;;
l1266;ran ashore nr Masulipatam in 1626, burnt;calls;;
l1267;captured a French slaver;calls;;
l1268;Jaggemaickpuram;calls;;
l1269;Barrier Islands;calls;;
l1270;lost on shoalsPalawan;calls;;
l1271;longboat reached Balambangan;calls;;
l1272;crew home on Syren;calls;;
l1273;Pulao Bay;calls;;
l1274;Jim Downs;calls;;
l1275;enaged in siege of Pondicherry in;calls;;
l1276;Calderoon Bay;calls;;
l1277;Cabinda Bay, Angola;calls;;
l1278;captured, with the Gatton, Godfrey, Hillsborough and Mountstuart, by the combined Franco;calls;;
l1279;Spanish fleet in 26Â°28'N & 15Â°20'W;calls;;
l1280;Uockelee;calls;;
l1281;Straits of Malacca;calls;;
l1282;Downs * inc col sketches of islands in Straits of Malacca;calls;;
l1283;journal ends 1689, northwards of Batavia;calls;;
l1284;wrecked Bay of Bengal;calls;;
l1285;L/MAR/A/XCVIII Journal;calls;;
l1286;Sutanati;calls;;
l1287;Capt William Blundell;calls;;
l1288;Downs Sold;calls;;
l1289;Capt John Barber Downs;calls;;
l1290;lost'Mayota;calls;;
l1291;Capt John Hitchings Calcutta;calls;;
l1292;Capt Anthony Ryan;calls;;
l1293;Angra Pequena;calls;;
l1294;captured by 'the desperado Don Antonio Constanti' 1830, saved by the carpenter and remaining five crew, reached Sierra Leone;calls;;
l1295;cruising with Harrington;calls;;
l1296;Tellicheriy;calls;;
l1297;St Paul's, Luanda;calls;;
l1298;Culpee Ingeli;calls;;
l1299;Downs Guinea;calls;;
l1300;Madras wrecked between Masulipatam and Madapollam;calls;;
l1301;Downs Bantam;calls;;
l1302;off Batavia;calls;;
l1303;f.32 sketches of Cape of Good Hope and Cape False ff.101;calls;;
l1304;navigational rules;calls;;
l1305;Capt Anthony Earning Downs;calls;;
l1306;Kharg;calls;;
l1307;off the Lizard;calls;;
l1308;abandoned in the Atlantic 1610, empty;calls;;
l1309;Surat, attacked by Portuguese Dec, fired to prevent her capture;calls;;
l1310;captured by French, ransomed;calls;;
l1311;hugli river;calls;;
l1312;˜Caracf;calls;;
l1315;Capt Simon Cumberland;calls;;
l1316;Kenmair river, Ireland;calls;;
l1317;Second â–  St Helena;calls;;
l1318;Spithcad;calls;;
l1319;Anjcngo;calls;;
l1320;encounter with William Kidd the pirate in the Bab cl Mandeb;calls;;
l1321;Downs * f.7v list of officers, against each name an armorial seal;calls;;
l1322;wreckedNash Point, Bristol Channel.;calls;;
l1323;Capt Thomas Woodcock;calls;;
l1324;Borrum;calls;;
l1325;Aden, abandoned there in;calls;;
l1327;cPulau Laurotf;calls;;
l1328;did not return;calls;;
l1329;L/MAR/B/340A Journal;calls;;
l1330;1803, anon Calcutta;calls;;
l1331;Culpec;calls;;
l1332;Capt Richard Wouldhave;calls;;
l1333;Hog River;calls;;
l1334;Downs * inc list of French prisoners;calls;;
l1335;damaged in storm, forced back for repairs;calls;;
l1336;Jim St Helena;calls;;
l1337;skirmish with French privateer La Venus, prisoners taken;calls;;
l1338;parted company from the Union and not heard of again;calls;;
l1339;lost on the bar of Tonkin;calls;;
l1340;arrived in England after August;calls;;
l1341;captured by Dutch nr Pulo Run;calls;;
l1345;lost in the Hugli river;calls;;
l1346;Salsette;calls;;
l1347;Woolwich * B ff.38v;calls;;
l1348;& C ff.56;calls;;
l1349;57, 59y;calls;;
l1350;60v action agst Angria's fleet;calls;;
l1351;captured by Dutch in Straits of Sunda 1619, recovered;calls;;
l1352;in action agst Portuguese;calls;;
l1353;Armagaon;calls;;
l1354;off Spithead;calls;;
l1355;Mary Surat;calls;;
l1356;Scafareen Roads, Ireland;calls;;
l1357;lost in hugli river;calls;;
l1358;captured by the French in 9Â°S 91Â°E, recapturedBourbon;calls;;
l1360;Java Head;calls;;
l1361;lost nr St Thomas's Mount;calls;;
l1362;Leith Roads;calls;;
l1363;Downs * inc coastal profiles, sketch of encounter with a French ship;calls;;
l1364;Jim Malacca;calls;;
l1365;wrecked'Engano', Sumatra,;calls;;
l1366;Banaca;calls;;
l1367;Capt Francis Johnson;calls;;
l1368;Capt Nathaniel Reynolds Downs;calls;;
l1369;Point dc Galle;calls;;
l1370;Indramayo;calls;;
l1371;Woolwich LJFcb;calls;;
l1372;arrived in England before;calls;;
l1373;parted company from the Hector after three months, not heard of again;calls;;
l1374;Macassar Batavia;calls;;
l1375;Surat, accidentally fired;calls;;
l1376;Capt John Bell Downs;calls;;
l1378;at Bantam in each year;calls;;
l1380;Trincomale;calls;;
l1381;Balambangam;calls;;
l1382;Downs * inc inventory of stores;calls;;
l1383;Gt Yarmouth;calls;;
l1384;Amsterdam Island;calls;;
l1385;Bass Straits;calls;;
l1387;Sajo Island;calls;;
l1388;off Newfoundland Banks;calls;;
l1389;Benkulen Whampoa;calls;;
l1390;St Helena Downs;calls;;
l1391;Portsmouth St Helena;calls;;
l1392;Second Bar Cape;calls;;
l1393;Capt John Skottowe Plymouth;calls;;
l1394;St Helena Whampoa;calls;;
l1395;went on shoreBeachy Head Feb, returned to Thames;calls;;
l1396;Cheduba;calls;;
l1398;Capsmgmoon Passage;calls;;
l1399;left Bengal St Helena;calls;;
l1400;participated in blockade of Red Sea until;calls;;
l1401;Inn Bombay;calls;;
l1402;Bombay Penang;calls;;
l1403;Macassar Jul, wrecked '12 leagues out;calls;;
l1404;wreckedPortquin, Cornwall,;calls;;
l1405;Received Royal licence;calls;;
l1406;left Cowes with Tiger's Whelp pinnace;calls;;
l1407;Coast of Sumatra;calls;;
l1408;left for Pattani Nov, attacked by Japanese pirates, pilot John Davis killed, voyage abandoned;calls;;
l1409;Portsmouth See Purchas vol. bk.3 chap. s.6 for a summary journal, and The voyages and works of John Davis the Navigator, ed Albert Hastings Markham, Hakluyt Soc 1st ser no.59;calls;;
l1410;Goa Bombay;calls;;
l1411;Johnna;calls;;
l1412;Second I;calls;;
l1414;L/MAR/B/689B Journal;calls;;
l1415;1713, William Wingfield, Chief Mate Downs;calls;;
l1416;Bantam, ship abandoned after death of Middleton 1613, eventually burnt by Javanese in or;calls;;
l1417;Capt Thomas Sanders Downs;calls;;
l1418;wrecked in the Andaman Islands;calls;;
l1419;wrecked on 'Trial Rocks' leaguesWestern Australia, survivors reached Bantam;calls;;
l1420;Lough Swilly, Donegal;calls;;
l1421;Launched Madras;calls;;
l1422;Capt Gilbert Slater Downs;calls;;
l1423;Loronho Bay;calls;;
l1424;Straits of Sunda;calls;;
l1425;course changed on news of French warshipsBantam;calls;;
l1426;Rajapore;calls;;
l1427;Whampoa . Second Bar;calls;;
l1428;Downs * inc sketches of Trinidade;calls;;
l1429;captured by the French in Balasore Roads;calls;;
l1430;Downs * inc note 'state of the sails;calls;;
l1431;Dunderogipore;calls;;
l1432;Straits of Banca;calls;;
l1433;Rio dc Janeiro;calls;;
l1434;Pulo Auroe;calls;;
l1435;Downs * inc illus;calls;;
l1436;parted company in China Seas and not heard of again;calls;;
l1437;left Portsmouth for India;calls;;
l1438;[to Boston via Lisbon in an un;calls;;
l1439;named vessel;calls;;
l1440;Boston 1698, for Rhode Island, Newfoundland and London;calls;;
l1441;at Tonkin;calls;;
l1442;wrecked nr Macao en route to Japan;calls;;
l1444;wrecked on rocks of Audierne, Britanny, for lack of crew, cargo looted;calls;;
l1446;Indremayo;calls;;
l1447;Coringa Roads;calls;;
l1448;captured by French ships La Manche and La Venus 1809. officers landedVizagapalam;calls;;
l1449;Hainan;calls;;
l1450;lost on He de MerchantSark [wreck discovered 1976];calls;;
l1451;Monsourcottah;calls;;
l1452;wreckedMaio, Cape Verde Islands;calls;;
l1453;wrecked on a rock in Straits of Caspar, crew escaped in ship's boats;calls;;
l1454;River Shanon;calls;;
l1455;Cmdr Lt Alexander Davidson RN Calcutta;calls;;
l1456;Princess Island;calls;;
l1457;capturedCeylon by two French ships;calls;;
l1458;Calingapatam;calls;;
l1459;wrecked in a storm in Margate Roads;calls;;
l1460;off Pondicherry with Admiral Cornwallis's squadron;calls;;
l1461;Penang : Malacca;calls;;
l1462;Diamond Island;calls;;
l1464;Sapi Bay, Celebes;calls;;
l1465;at St Helena;calls;;
l1466;at Benkulen;calls;;
l1467;captured by the French frigate La Piedmontaise in 26Â°13'S 56Â°45,W;calls;;
l1468;Toonkoo Bay;calls;;
l1469;Ventry Harbour, Ireland;calls;;
l1470;Downs See Barlow's Journal, ed Basil Lubbock  pp.502;calls;;
l1471;Chittagong river;calls;;
l1472;Bimlipatam;calls;;
l1473;He de Rhe;calls;;
l1474;lost leaguesSurat;calls;;
l1475;laid upBatavia;calls;;
l1476;Chow;calls;;
l1478;LSaugor;calls;;
l1479;Onraet;calls;;
l1480;lost to the east of Algoa Bay in 1814, no survivors;calls;;
l1481;driven on shore nr Fort St David by 'a violent storm of wind;calls;;
l1482;Ingeli Mar, lost on Caspar Sands same day;calls;;
l1483;ship leaky;calls;;
l1484;captured by French La Venus;calls;;
l1485;retaken by HMS Magicienne;calls;;
l1486;captured by French La Bellona;calls;;
l1487;retaken, supplied with a new crewBourbon Nov,Bourbon;calls;;
l1488;Bellial, Portugal;calls;;
l1489;lostMadagascar;calls;;
l1490;captured by French frigate La Prenuse in Tellicherry Roads;calls;;
l1491;Gressee;calls;;
l1492;lost in River Shannon;calls;;
l1493;Onores;calls;;
l1494;cSaloomah;calls;;
l1495;Capt Thomas Lucas;calls;;
l1496;Sold to the Sultan of Bantam;calls;;
l1497;wreckedSocotra;calls;;
l1498;South;ships_built_at;;
l1499;Pauli;ships_built_at;;
l1500;Itchenor;ships_built_at;;
l1503;Culpe'];ships_built_at;;
l1506;Nov 1805 ten crew injured in skirmish with French ship;voyage_destinations;;
l1507;Philippines;voyage_destinations;;
l1508;From Bengal;voyage_destinations;;
l1509;Cambodia;voyage_destinations;;
l1510;Japan;voyage_destinations;;
l1511;eb 1650 -;voyage_destinations;;
l1513;1806/7 St Helena;voyage_destinations;;
l1514;Apr 1821-30 Sep 1822;voyage_destinations;;
l1515;1802-18 Dec 1803;voyage_destinations;;
l1517;To remain in India;voyage_destinations;;
l1518;Jan 1681 -28 Aug 1682;voyage_destinations;;
l1519;East Indies;voyage_destinations;;
l1520;1803/4 China;voyage_destinations;;
l1521;the Maldives;voyage_destinations;;
l1522;1831/2 Madras;voyage_destinations;;
l1523;1829/30 China;voyage_destinations;;
l1524;t St David;voyage_destinations;;
l1525;China 1817;voyage_destinations;;
l1526;Oct 1801 recaptured Friendship snow of Vizagapatam from French;voyage_destinations;;
l1527;5 1792/3 Bombay;voyage_destinations;;
l1528;Dec 1700-;voyage_destinations;;
l1529;2 1736/7 Madras;voyage_destinations;;
l1530;Bombay (to remain);voyage_destinations;;
l1531;1722 -;voyage_destinations;;
l1532;Jan 1681-21 Nov 1682;voyage_destinations;;
l1533;New Company voyage;voyage_destinations;;
l1534;Guinea (to remain);voyage_destinations;;
l1535;Mar Cape -17 Apr St Helena -13 Jul Downs 1;voyage_destinations;;
l1536;1832/3 St Helena;voyage_destinations;;
l1537;St Helena -17 Jul Thames;voyage_destinations;;
l1538;1804/5 Madras;voyage_destinations;;
l1539;West Indies;voyage_destinations;;
l1540;8 1828/9 Bombay;voyage_destinations;;
l1542;Dec 1727 -11 Jun 1729;voyage_destinations;;
l1543;and Bengal;voyage_destinations;;
l1544;Apr Blackwall;voyage_destinations;;
l1545;Nov 1717-11 Jun 1719;voyage_destinations;;
l1546;6 1818/9 Madras;voyage_destinations;;
l1547;(^hina;voyage_destinations;;
l1548;1832/3 Madras;voyage_destinations;;
l1549;815/6 Bombay;voyage_destinations;;
l1550;' Bengal;voyage_destinations;;
l1551;Mar 1812 St Helena -15 May Long Reach;voyage_destinations;;
l1552;1801/2 China;voyage_destinations;;
l1553;1831/2 Bengal;voyage_destinations;;
l1554;Apr 1699 -;voyage_destinations;;
l1555;Nova Scotia;voyage_destinations;;
l1556;Madras L/MAM/B/698G(3) Imprest Book;voyage_destinations;;
l1557;Benkulen (to remain);voyage_destinations;;
l1558;North-West Passage;voyage_destinations;;
l1559;India;voyage_destinations;;
l1560;Sep 1681 -29 Aug 1683;voyage_destinations;;
l1561;South Pacific;voyage_destinations;;
l1562;9 Madras;voyage_destinations;;
l1563;and China;voyage_destinations;;
l1564;Surat Master Thomas Tayl;voyage_destinations;;
l1565;1831/2 China;voyage_destinations;;
l1566;Journal 13 May 1794-14 Sep 1795;voyage_destinations;;
l1567;Bengal 1801 .;voyage_destinations;;
l1568;West Africa;voyage_destinations;;
l1569;1647;voyage_destinations;;
l1570;1648;voyage_destinations;;
l1571;to Bandar Abbas 1649 (twice);voyage_destinations;;
l1573;India 1784 L/MAM/B/540C(1) Ledge;voyage_destinations;;
l1574;1785/6 Madras;voyage_destinations;;
l1575;eb 1713 -12 Mar 1715;voyage_destinations;;
l1576;1830/1 St Helena;voyage_destinations;;
l1577;'For India';voyage_destinations;;
l1578;Bantam Master Gilbert Grimes ?;voyage_destinations;;
l1579;Pay Book;voyage_destinations;;
l1580;China L/MAM/B/390J Journal 8 Dec 1786-28 Aug 1788;voyage_destinations;;
l1581;Oct Downs;voyage_destinations;;
l1582;Australia;voyage_destinations;;
l1583;1832/3 Bombay;voyage_destinations;;
l1584;Jun Downs;voyage_destinations;;
l1585;Benga;voyage_destinations;;
l1586;China L/MAM/B/131B Deck Log 19 Dec 1831-15 Jun 1832;voyage_destinations;;
l1587;China L/MAM/B/438H Journal 14 Jan 1755-13 Sep 1757 L/MAM/B/438BB(1) Ledger L/MAM/B/438BB(2) Pay Book;voyage_destinations;;
l1588;1700 Gibralte;voyage_destinations;;
l1589;'India';voyage_destinations;;
l1590;Benkulcn;voyage_destinations;;
l1591;Mar 1678 -;voyage_destinations;;
l1592;to remain as country ship;voyage_destinations;;
l1593;1685 -28 Aug 1687;voyage_destinations;;
l1594;Jan 1701 -17 Sep 1702;voyage_destinations;;
l1595;Macassa;voyage_destinations;;
l1596;South Seas;voyage_destinations;;
l1597;Jan 1825-29 Jun Calcutta;voyage_destinations;;
l1599;1809;voyage_destinations;;
l1600;Journal on Jonas;voyage_destinations;;
l1601;Lion 17 Mar 1621-22 Jul 1623;voyage_destinations;;
l1602;Richard Swanley Master John Weddell;voyage_destinations;;
l1603;crew;voyage_destinations;;
l1604;Madagasgar;voyage_destinations;;
l1605;the South Seas;voyage_destinations;;
l1606;3 1745/6 Bombay;voyage_destinations;;
l1607;1821/2 St Helena;voyage_destinations;;
l1608;New 1699-6 Mar 1702;voyage_destinations;;
l1609;Macasse;voyage_destinations;;
l1610;1831/2 St Helena;voyage_destinations;;
l1611;Oct Whampoa -19 Jan 1831 Second Bar -11 Apr St Helena -10 Jun Downs;voyage_destinations;;
l1612;Surat (New Company);voyage_destinations;;
l1613;Surat (Licensed ship);voyage_destinations;;
l1614;1698 -;voyage_destinations;;
l1615;eb 1715 -27 Jul 1716;voyage_destinations;;
l1616;Sia;voyage_destinations;;
l1617;1832/3 China;voyage_destinations;;
l1618;739/40 Mokha;voyage_destinations;;
l1619;3 1777/8 Bombay;voyage_destinations;;
l1620;India 1782;voyage_destinations;;
l1621;eb 1682 -29 Aug 1683;voyage_destinations;;
l1622;and Amoy (New Company L/MAM/A/CLVn Journal 2 Dec 1700-16 Sep 1702;voyage_destinations;;
l1623;from India 10 Apr 1783;voyage_destinations;;
l1624;Nov 1682- 11 May 1684;voyage_destinations;;
l1625;Benkulan;voyage_destinations;;
l1626;Sep 1681 -29 Sep 1683;voyage_destinations;;
l1627;May 1792 'stood to sea from St Helena' -19-20 May skirmish with the French fleet;voyage_destinations;;
l1628;Sep Downs;voyage_destinations;;
l1629;Borneo (New Company);voyage_destinations;;
l1630;in England Jul 1810;voyage_destinations;;
l1631;South Wales;voyage_destinations;;
l1632;B;voyage_destinations;;
l1633;British Columbia;voyage_destinations;;
l1634;the Moluccas;voyage_destinations;;
l1635;1825/6 China;voyage_destinations;;
l1636;1719 -18 Mar 1729;voyage_destinations;;
l1637;Bengal (to remain);voyage_destinations;;
l1638;1701 -2 Apr 1703;voyage_destinations;;
l1639;China (Licensed ship);voyage_destinations;;
l1640;Bengal (New Company);voyage_destinations;;
l1641;inc sketches of the ship;voyage_destinations;;
l1642;the season's convoy;voyage_destinations;;
l1643;fish;voyage_destinations;;
l1644;birds;voyage_destinations;;
l1645;Batavia Roads;voyage_destinations;;
l1646;Aug Downs;voyage_destinations;;
l1647;Nov 1683 -21 Mar 1685;voyage_destinations;;
l1648;Bombay (to remain) Downs 4 May 1686-;voyage_destinations;;
l1649;St Helena (to remain);voyage_destinations;;
l1650;eb 1682-8 Aug 1683;voyage_destinations;;
l1651;May 1681 -23 Sep 1682;voyage_destinations;;
l1652;1614;voyage_destinations;;
l1653;1615;voyage_destinations;;
l1654;Surat (to remain);voyage_destinations;;
l1655;1 From Calcutta;voyage_destinations;;
l1656;Dec 1684 -28 Jul 1687;voyage_destinations;;
l1657;To West Indies;voyage_destinations;;
l1658;Madras (to remain);voyage_destinations;;
l1659;8/9 Bengal;voyage_destinations;;
l1660;LMARS 15A-B Journal 11 May 1795-24 Feb 1797;voyage_destinations;;
l1661;South Atlantic;voyage_destinations;;
l1662;Nov 1712-28 Jul 1717;voyage_destinations;;
l1663;Jan 1719-25 Aug 1720;voyage_destinations;;
l1664;Tasmania;voyage_destinations;;
l1665;Jan 1716 -19 Aug 1717;voyage_destinations;;
l1666;Madagasca;voyage_destinations;;
l1667;India 1757;voyage_destinations;;
l1668;Balambanga;voyage_destinations;;
l1669;1796;voyage_destinations;;
l1670;1798 St Helena -17 Mar Downs;voyage_destinations;;
l1671;China (New Company);voyage_destinations;;
l1673;Batavia (to remain);voyage_destinations;;
l1674;1830/1 China;voyage_destinations;;
l1675;ap St Mary's;people_birth;;
l1676;Mezignac nr Bordeaux;people_birth;;
l1678;Surgeon;people_birth;;
l1679;Dalgetty;people_birth;;
l1680;Bowbrickhill;people_birth;;
l1681;Craigs;people_birth;;
l1682;purser REGENT 1821/2;people_birth;;
l1683;commumeed covert Ships Honduras and African trade Aye Tighmente IRAN IENS SY ORO approved Peb Ivehyagad 32);people_birth;;
l1685;1st mate SCALEBY CASTLE 1832/3 m St Luke's;people_birth;;
l1687;ap Ealing;people_birth;;
l1688;Maidenhall;people_birth;;
l1690;apptd Surgeon at St Helena;people_birth;;
l1691;Salemstead;people_birth;;
l1693;1738;people_birth;;
l1694;run;people_birth;;
l1695;Bombay Asst Surgeon;people_birth;;
l1696;oth ielsd ANA (1804/5! Ah AOLORE RN TET 1805/6;people_birth;;
l1699;Hurstmonceux;people_birth;;
l1700;Melton Constable;people_birth;;
l1701;3rd mate RAVENSWORTH 1785/6 (approved 1786;people_birth;;
l1703;3rd mate DUKE OF GRAFTON 1775/6;people_birth;;
l1704;Stogursey;people_birth;;
l1705;France;people_birth;;
l1706;Saxthorpe;people_birth;;
l1707;1765/6 b England;people_birth;;
l1708;4th mate AIRLEY CASTLE 1787/8 (approved 1788;people_birth;;
l1711;d;people_birth;;
l1712;Denaticon;people_birth;;
l1713;ap Waltham Lincs;people_birth;;
l1714;Sestland;people_birth;;
l1715;Stale APMERAIL GARDNER 180g/9 m St Mary's;people_birth;;
l1717;Member Bengal Medical Board & Insp-Gen of Hospitals;people_birth;;
l1718;3rd mate ROYAL BISHOP 1785/6 (approved 1726;people_birth;;
l1719;Milbrooke;people_birth;;
l1720;ap Tottenham;people_birth;;
l1721;lost im senects;people_birth;;
l1722;employed attending the wreck until;people_birth;;
l1723;Knockdrin Castle;people_birth;;
l1724;Aldham;people_birth;;
l1725;resigned active service 2nd Mysore War 1781-82;people_birth;;
l1726;4th mate PHOENIX (3) 1799/1800 (approved 1800;people_birth;;
l1727;ap St Augustine's;people_birth;;
l1729;approved as 1st mats HIECTOR 176;people_birth;;
l1730;St Marylebone;people_birth;;
l1731;Kettle;people_birth;;
l1732;Sanguhar;people_birth;;
l1733;Redgrave;people_birth;;
l1735;Harley St;people_birth;;
l1739;d Calcutta m Hammersmith;people_birth;;
l1741;Stratford-on-Avon;people_birth;;
l1742;seoma Gy) & 2nd mate (ly) James & Rebeses to Antique;people_birth;;
l1743;Clement's Lane;people_birth;;
l1744;South Leith;people_birth;;
l1745;resigned;people_birth;;
l1746;St Alphage's pa;people_birth;;
l1747;d Calcutta;people_birth;;
l1749;Kirkaldy;people_birth;;
l1750;3nd matte MUAIRCEMUOINESS OF ELY 1821/2;people_birth;;
l1751;Milburn St Andrews;people_birth;;
l1752;Old Melton;people_birth;;
l1753;ap Whitby;people_birth;;
l1754;3rd mate PONSBORNE 1779/80;people_birth;;
l1755;d3;people_birth;;
l1756;Kinnettles;people_birth;;
l1757;St Andrew's pa;people_birth;;
l1759;4th mate THISTLEWORTH 1718/9 (to 1720);people_birth;;
l1760;England senmem LORD CANIN (1) 1771/2;people_birth;;
l1762;d7;people_birth;;
l1763;Capt EARL OF BALCARRAS 1827/8;people_birth;;
l1764;Rhynie;people_birth;;
l1766;im Rotterdam;people_birth;;
l1767;Newsom;people_birth;;
l1768;resigned secvod es sumpeon to ir Eyre Covte the Carnatic;people_birth;;
l1769;Perthshire;people_birth;;
l1771;(approved 1786;people_birth;;
l1772;St Martin-in-the-Fields pa;people_birth;;
l1773;4th mate CARMARTHEN 1805/6 ed as 2nd mate DUBLIN 1787;people_birth;;
l1774;Capt THOMAS GRENVILLE 1832/3 m Bridgewater;people_birth;;
l1775;3rd mate b Ireland;people_birth;;
l1779;Englancl midshipman DAVID SCOTT (2) 1807/8;people_birth;;
l1780;d St Helena;people_birth;;
l1781;apptd Bengal Asst Surgeon (in absentia);people_birth;;
l1782;Newbyth;people_birth;;
l1784;Walcot;people_birth;;
l1785;Leadhills;people_birth;;
l1786;retired active service Nepal War 1815-16;people_birth;;
l1789;ind mate COMDSTRIBART 1811/2 m St Stephen's Coleman Street;people_birth;;
l1792;Kirby Stephen;people_birth;;
l1793;im Wales;people_birth;;
l1794;ap Pocklington;people_birth;;
l1795;Blandford;people_birth;;
l1797;2nd mate YORK (4) 1785/6 (approved 1786;people_birth;;
l1798;St Saviour's pa;people_birth;;
l1800;4th mate WARREN HASTINGS (1) 1784/5 (approved 1785;people_birth;;
l1801;ap St Margaret Moses;people_birth;;
l1802;Shadbrook;people_birth;;
l1803;Isle of Skye;people_birth;;
l1804;Cupar Angus;people_birth;;
l1805;Hickling;people_birth;;
l1807;it England;people_birth;;
l1808;Aor Ipswich;people_birth;;
l1812;St Cuthbert's pa;people_birth;;
l1813;seaman EAGLE (6) packet 1779-22 when she was captured;people_birth;;
l1815;p23 Englamd;people_birth;;
l1816;1st mate ORWELL 1829/30 & 1831/2 m St Helena;people_birth;;
l1817;‘b;people_birth;;
l1820;volunteer 1st Class;people_birth;;
l1821;Forkc;people_birth;;
l1822;Capt & Principal Managing Owner SEVERN (2) 1832/3 m St Luke's;people_birth;;
l1823;accidentally killed;people_birth;;
l1825;ur St Pancras;people_birth;;
l1827;im Scotland;people_birth;;
l1828;Claines;people_birth;;
l1829;St Botolph's pa;people_birth;;
l1830;purser LASCELLES 1791/2;people_birth;;
l1831;Drimnasallie;people_birth;;
l1833;Moy Lamiasry;people_birth;;
l1834;Keilmoe;people_birth;;
l1835;cl767;people_birth;;
l1837;St Peter's pa;people_birth;;
l1838;dn Seatlant;people_birth;;
l1839;Ord untae HILLSBOROUGH (2) 1785/6 (gpproved Peb 1796;people_birth;;
l1840;6th mate KING WILLIAM (3) 1733/4 Carter;people_birth;;
l1841;Barton Mere;people_birth;;
l1844;6th mate b 1? Appr Guisborough;people_birth;;
l1845;England seaman PLASSEY West Indies ly 6m;people_birth;;
l1846;Seb nate MOT INGIAI (@) Wresy>;people_birth;;
l1847;also Principal Managing Owner BROXBORNEBURY 1824/5-1831/2 m St Marylebone;people_birth;;
l1848;pa St Olave Hart St;people_birth;;
l1849;1st mate AENISTON (@ppaoved 1806;people_birth;;
l1850;l766 Lilley nr Hitchin;people_birth;;
l1851;Capt THOMAS COUTTS 1821/2;people_birth;;
l1853;drowned;people_birth;;
l1854;1st mate KELLIE CASTLE 1832/3 m Walton-on-Thames;people_birth;;
l1855;Hill House;people_birth;;
l1857;Gib mats WINDSOUS (2) 1822/3;people_birth;;
l1858;Ecinbargh;people_birth;;
l1859;purser LADY MELVILLE 1821/2;people_birth;;
l1860;Samgect S;people_birth;;
l1861;resigned 1794;people_birth;;
l1862;ap Woodford;people_birth;;
l1863;Benge;people_birth;;
l1864;d Bandar Abbas;people_birth;;
l1865;pa St George's Hanover Sq;people_birth;;
l1866;Ang & bep St Mary's;people_birth;;
l1867;4th mate FORDWICH 1728/9 (from 1730);people_birth;;
l1869;2nd mate Creighton;people_birth;;
l1870;sick leave home 1806;people_birth;;
l1872;5th mate WARREN HASTINGS (1) 1792/3;people_birth;;
l1876;3rd mate WINCHELSEA (3) 1830/1 m3 St James;people_birth;;
l1877;4th mate LASCELLES 1784/5 (approved 1785;people_birth;;
l1879;purser WILLIAM PITT (1) 1789/90;people_birth;;
l1880;Head Surgeon at Calcutta;people_birth;;
l1881;surgeon CASTLE HUNTLEY 1819/20;people_birth;;
l1883;North Knabdale;people_birth;;
l1884;Kilbride Castle;people_birth;;
l1888;im Bogland;people_birth;;
l1889;ap Lindfield;people_birth;;
l1892;Ih eb & bop Croydon;people_birth;;
l1893;1st mate HARTWELL 1786/7;people_birth;;
l1894;Capt SIR WILLIAM PULTENEY 1804/5;people_birth;;
l1895;retired;people_birth;;
l1896;Beb Dumdayell;people_birth;;
l1898;Monthrath;people_birth;;
l1899;Binnington;people_birth;;
l1900;Berkeley Sq;people_birth;;
l1901;Cockpen;people_birth;;
l1903;fb hn Englands micishigraam im Royall Navy Sy Soy 5th mate ROWAL SOP 1755/5 (approved 1786;people_birth;;
l1904;MARQUIS CAMDEN 1823/4;people_birth;;
l1906;Scotlane;people_birth;;
l1909;Asst Surgeon;people_birth;;
l1910;d m Cameron;people_birth;;
l1911;Newington Green;people_birth;;
l1912;Trevethin;people_birth;;
l1914;Bleach Field;people_birth;;
l1915;1st mate SPEAKER 1771/2 (approved 1772;people_birth;;
l1916;Ipswiel;people_birth;;
l1918;Gib ome TCE (2) 1797/8;people_birth;;
l1919;Member of Wiedicel Board;people_birth;;
l1920;tb England;people_birth;;
l1921;Shetland Isles;people_birth;;
l1922;3rd mate ANTELOPE (4) 1781/2 (approved 1782;people_birth;;
l1923;Illan Court;people_birth;;
l1924;3rd mate ASIA (3) 1780/1;people_birth;;
l1926;Newton Bushell;people_birth;;
l1929;ed 1782;people_birth;;
l1930;3rd mate ROCKINGHAM (1) 1785/6 (approved 1786;people_birth;;
l1931;1st mate Heater ‘0 Jamaica (approved 1786;people_birth;;
l1932;5th mate GENERAL Totlb 1824/5;people_birth;;
l1939;m7 Walcot;people_birth;;
l1944;& St George's Bloomsbury;people_birth;;
l1945;St Giles;people_birth;;
l1946;1748;people_birth;;
l1947;dat sea;people_birth;;
l1950;Redbridge;people_birth;;
l1952;Sid tnate INDIAN TRADER 1794/5;people_birth;;
l1954;5th mate KELLIE CASTLE 1828/9;people_birth;;
l1955;4th mate “RACRIL OL SAND WIGHT F789 (approved 1779;people_birth;;
l1957;St John's pa;people_birth;;
l1959;Bengal Asst Surgeon;people_birth;;
l1960;Tneland;people_birth;;
l1962;Aberdeenshire;people_birth;;
l1963;Brettenham;people_birth;;
l1964;Gerloch;people_birth;;
l1965;Sicily;people_birth;;
l1966;approved as 3rd mate ROCKINGHAM (1) 1786;people_birth;;
l1967;m Llandygwydd;people_birth;;
l1969;im Rnglamd;people_birth;;
l1970;d Bombay;people_birth;;
l1972;lost overboard m St Dunstan's;people_birth;;
l1974;3rd mate BESSBOROUGH 1785/6 (approved 1786;people_birth;;
l1975;1st mate DUCHESS OF ATHOL 1831/2 m Cork Cathedral;people_birth;;
l1976;1740;people_birth;;
l1977;4th mate STAFFORD (2) 1777/8 (approved eb 1778;people_birth;;
l1979;Ryton-upon-Dunsmore;people_birth;;
l1981;St Mary's pa;people_birth;;
l1982;1st mate LORD WALSINGHAM 1786/7 (approved 1787;people_birth;;
l1985;Selborne;people_birth;;
l1986;Capt ST HELENA b St Helen's pa;people_birth;;
l1987;surgeon HUDDART 1814/5 b England;people_birth;;
l1988;Kirk Newton;people_birth;;
l1989;ap Whorlton;people_birth;;
l1990;2nd mate MIMVIDLESEX @) 1785/6 (approved autho trade Gun;people_birth;;
l1991;at sea;people_birth;;
l1992;Cornhill;people_birth;;
l1994;lost overboard;people_birth;;
l1995;1727;people_birth;;
l1996;wounded action agst French 1759;people_birth;;
l1997;Prescot St;people_birth;;
l1998;“Kb mate LAP WING (1) Lays;people_birth;;
l2000;Bishopsgate;people_birth;;
l2001;St Luke's pa;people_birth;;
l2003;St Stephen's Walbrook;people_birth;;
l2004;& tep St Macy';people_birth;;
l2005;appointed Asst Bombay Hospital;people_birth;;
l2007;Logie;people_birth;;
l2008;midshipman MARQUIS OF ROCKINGHAM (2) 1775/6;people_birth;;
l2009;Sweden;people_birth;;
l2010;Dores;people_birth;;
l2012;seaman & 1st mate Royal Clubb and Adriatic Greenland and Newfoundland trade 7y 9m;people_birth;;
l2013;Love Lane;people_birth;;
l2015;im Smgtends ome voyswe to indie;people_birth;;
l2017;run 4th mate LADY RAFFLES 1825/6;people_birth;;
l2018;pa St Chad's;people_birth;;
l2019;Gerrard or Gerard;people_birth;;
l2020;midshipman (2y 6m);people_birth;;
l2021;d b pa Christ Church;people_birth;;
l2023;4h mate NEPTUNE (4) 1785/6 (approved 1786;people_birth;;
l2024;Kirk Oswald;people_birth;;
l2025;d Macao m St Pancras;people_birth;;
l2027;5th mate GATTON 1777/8;people_birth;;
l2028;Royal Navy 8y 4m;people_birth;;
l2029;Inverness-shire;people_birth;;
l2031;4th mate EARL OF DARTMOUTH 1779/80 (approved 1780;people_birth;;
l2032;ur Ilfracombe;people_birth;;
l2033;d 1890;people_birth;;
l2035;ur St Paul's Covent Gdn;people_birth;;
l2036;Mount Melick;people_birth;;
l2038;Dominica;people_birth;;
l2039;St Peter's Close;people_birth;;
l2040;3rd mate VALENTINE (3) 1793/4 (approved 1794;people_birth;;
l2041;1st Lieutenant Achilles cutter (3m) and Job cutter (2m);people_birth;;
l2042;Isle of Man;people_birth;;
l2044;Wootton Hall;people_birth;;
l2045;Blunderston;people_birth;;
l2047;Sotheniom;people_birth;;
l2049;Msg Camengate;people_birth;;
l2050;Canongate;people_birth;;
l2051;‘bap Fores;people_birth;;
l2052;Foggymill;people_birth;;
l2053;ur;people_birth;;
l2054;Johnshaven;people_birth;;
l2055;Haxbourgrace;people_birth;;
l2057;Southwark;people_birth;;
l2058;4th mate MARQUIS OF WELLINGTON (1) 1814/5 (approved 1814;people_birth;;
l2059;Pitfern;people_birth;;
l2060;St Swithin's pa;people_birth;;
l2061;1730;people_birth;;
l2062;2nd mate SUFFOLK (1) 1758/9;people_birth;;
l2063;purser PRINCESS CHARLOTTE OF WALES 1822/3;people_birth;;
l2064;Surgeon at Benkulen;people_birth;;
l2065;Baghent) seaman CIES @) 1792/3;people_birth;;
l2066;4th mate BELVEDERE 1800/1 (approved 1801;people_birth;;
l2067;aorington or Marington;people_birth;;
l2068;& bao  Bermondsey;people_birth;;
l2069;Spatree;people_birth;;
l2072;served im Jen Charnock's war agst the Nawab af Bengal 1636-87;people_birth;;
l2073;MB 1785;people_birth;;
l2074;ur Staynton;people_birth;;
l2076;Datsham;people_birth;;
l2077;4th mate LADY BURGES 1803/4;people_birth;;
l2078;Caldecote Hall;people_birth;;
l2081;St Andrew's;people_birth;;
l2082;Nb toate POCOCIS 1258/9;people_birth;;
l2083;Westdown;people_birth;;
l2084;went home 1757;people_birth;;
l2085;4th mate HUGH INGLIS 1815/6 (approved 1816;people_birth;;
l2086;reinstated;people_birth;;
l2087;4th mate GRENVILLE 1774/5 (approved 1775;people_birth;;
l2088;Aweltenndsy;people_birth;;
l2089;Gaicbonwugh;people_birth;;
l2092;Kiloredtomont;people_birth;;
l2093;favo vorages to India;people_birth;;
l2095;resigned 1819;people_birth;;
l2096;ap Basingstoke;people_birth;;
l2097;Capt MORLEY 1828/9 orred;people_birth;;
l2098;resigned Haskins;people_birth;;
l2099;Cestieliond;people_birth;;
l2100;co Durham;people_birth;;
l2101;4th mate ALNWICK CASTLE 1814/5 (approved 1815;people_birth;;
l2104;1785;people_birth;;
l2105;& baw $ Ape Leyton;people_birth;;
l2106;Illugan;people_birth;;
l2107;3nd mate LORD MIACARTIOSY LPS ud mats BAR OF WiCOMILE Ts6r? (approved 1787;people_birth;;
l2109;Web 17S4 Wells;people_birth;;
l2112;im Buwlend;people_birth;;
l2113;4th mate UNION (5) 1806/7;people_birth;;
l2115;3rd mate EUROPA (2) 1781/2 (approved 1782;people_birth;;
l2117;b Havre de Grace;people_birth;;
l2118;1st mate DUKE OF YORK (2) 1826/7 & 1828/9;people_birth;;
l2119;2nd mate MINERVA (7) 1824/5;people_birth;;
l2122;d Edinburgh active service Third Maratha War 1817-18;people_birth;;
l2123;b Llanbadarn;people_birth;;
l2124;midshipman HMS Monmouth;people_birth;;
l2125;ap Rhayader;people_birth;;
l2126;North Crescent;people_birth;;
l2127;& hep St ives;people_birth;;
l2128;Shorwell;people_birth;;
l2129;presented as 4th mate LORD MACARTNEY 1795/6;people_birth;;
l2132;4th mate HUGH INGLIS 1809/10 (approved 1810;people_birth;;
l2133;im England;people_birth;;
l2134;pa St Michael's Cornhill;people_birth;;
l2137;Bardsea;people_birth;;
l2138;ap Donagh;people_birth;;
l2140;Madras Asst Surgeon;people_birth;;
l2141;4th mate VANSITTART 1772/3 (approved 1773;people_birth;;
l2142;Bengal Supernumerary Surgeon;people_birth;;
l2143;Harwood;people_birth;;
l2146;y & tap episcopal Chapel;people_birth;;
l2148;Seo & tap St Colas;people_birth;;
l2149;Whitekirk;people_birth;;
l2150;Macias Asst Sunysem Noy 1782;people_birth;;
l2152;d LE Si Mathew's Pricey St;people_birth;;
l2153;d b Barnstaple;people_birth;;
l2154;Cape ASTELL 1823/4 & 1826/7 ‘ewin;people_birth;;
l2156;4th mate RHODA 1757/8;people_birth;;
l2160;British garrison of New York;people_birth;;
l2161;captured by French off Benkulen 794;people_birth;;
l2162;run Lyons;people_birth;;
l2163;Bengal Surgeon;people_birth;;
l2164;cl1554 Basingstoke;people_birth;;
l2165;Hunsdon;people_birth;;
l2166;North Leith;people_birth;;
l2167;1795;people_birth;;
l2168;'b Beonsteple;people_birth;;
l2169;Thorley;people_birth;;
l2170;4th mate PIGOT (2) 1792/3 (approved 1793;people_birth;;
l2171;Inch;people_birth;;
l2172;1st mate DEVONSHIRE (2) 1771/2 (approved 1772;people_birth;;
l2173;m South Mims;people_birth;;
l2174;Llanereth Mead;people_birth;;
l2175;Cramond;people_birth;;
l2176;ap St John's;people_birth;;
l2177;purser BOMBAY CASTLE (2) 1804/5;people_birth;;
l2178;ret;people_birth;;
l2179;6th mate COUTTS 1813/4;people_birth;;
l2180;Markhal;people_birth;;
l2181;Kelmelir;people_birth;;
l2182;Inveraray;people_birth;;
l2183;Killea;people_birth;;
l2185;Ardwally;people_birth;;
l2186;d19 Fsb ig;people_birth;;
l2187;Ll South Bnd;people_birth;;
l2188;Whitehorn;people_birth;;
l2189;Kirkgunzion;people_birth;;
l2190;4b mate COUMLING 1808/3;people_birth;;
l2192;Glenluce;people_birth;;
l2193;1805;people_birth;;
l2194;d L761 Cape;people_birth;;
l2195;4th mate HECTOR (3) 1775/6 (approved 1776;people_birth;;
l2196;Capt CHARLES GRANT 1/2 oe jut Presents;people_birth;;
l2200;ap Totnes;people_birth;;
l2201;Sap Reb St Dansten's;people_birth;;
l2203;resigned 1771;people_birth;;
l2204;Penningham;people_birth;;
l2205;or Drummagh;people_birth;;
l2206;Canonbie;people_birth;;
l2208;1G Aberdloons MRCS;people_birth;;
l2209;Upper Borlunce;people_birth;;
l2210;approved as 3rd mate LORD MACARTNEY 1782;people_birth;;
l2211;ur Dittisham;people_birth;;
l2212;ap Bavarian Chapel;people_birth;;
l2215;pa St Benet's;people_birth;;
l2216;St Paul's pa;people_birth;;
l2217;Kilfinan;people_birth;;
l2218;Dollerie;people_birth;;
l2219;Dee Kelins;people_birth;;
l2220;ap St George's;people_birth;;
l2221;Anworth;people_birth;;
l2223;St Bride;people_birth;;
l2224;Boleskine & Abertarff pa;people_birth;;
l2226;West Church pa;people_birth;;
l2230;Abchurch Lane;people_birth;;
l2231;Ballmascanlon House;people_birth;;
l2232;St Anne's pa;people_birth;;
l2233;Frant;people_birth;;
l2234;Elie;people_birth;;
l2236;Edward;people_birth;;
l2237;Edrington;people_birth;;
l2238;1st mate DUKE OF GRAFTON 1775/6 m Bishopwearmouth;people_birth;;
l2239;ap Spilsby;people_birth;;
l2240;Shoddon;people_birth;;
l2241;1st mate ASIA (1) 1787/8 & 1790/1 m on board WINTERTON;people_birth;;
l2242;Get Dublia;people_birth;;
l2243;pa St John's;people_birth;;
l2245;pa St Leonard's Shoreditch;people_birth;;
l2246;West Teignmouth;people_birth;;
l2247;widow petitioned Poplar Fund m St Mary's;people_birth;;
l2248;& bap.21 Hawick;people_birth;;
l2250;c1733 London;people_birth;;
l2251;d Bath m Martha dau of James Taylor of Carmarthen;people_birth;;
l2253;5b Noy Lenidam;people_birth;;
l2254;Sevenhampton;people_birth;;
l2255;2nd mate EUROPE (2) 1804/5;people_birth;;
l2256;Wickenford;people_birth;;
l2258;Forecross Chancry;people_birth;;
l2259;Kelins;people_birth;;
l2263;Pitteneern;people_birth;;
l2264;d Norris;people_birth;;
l2266;Kirkby-over-Carr;people_birth;;
l2267;South Ronaldsay;people_birth;;
l2268;Itheringham;people_birth;;
l2270;Tua;people_birth;;
l2272;Gib mate CHLARLIES GRANT 1816/7;people_birth;;
l2275;3rd mate WINDHAM (2) 1815/6 (approved 1816;people_birth;;
l2276;3rd mate ROYAL CHARLOTTE (2) 1785/6 (approved 1786;people_birth;;
l2278;BELVEDERE 1786/7 (approved 1787;people_birth;;
l2282;1st mate PIGOT (2) 1785/6 (approved 1786;people_birth;;
l2285;d Madras active service Second Mysore War 1780-82;people_birth;;
l2286;ap eb 1S Newer;people_birth;;
l2288;pa St Faith's;people_birth;;
l2289;1st mate ROYAL CHARLOTTE (2) 1785/6 (approved 1786;people_birth;;
l2290;acig bombay Asst Surgeon 1905;people_birth;;
l2291;run Russell;people_birth;;
l2294;Grade;people_birth;;
l2295;& Bap Boreham;people_birth;;
l2296;Bridewell Hospital;people_birth;;
l2297;d Dysart m Lavinia Salmon Elizabeth b Andrew James b John Griffins b Mary b Lavinia b Christian Hunt b 1801/2;people_birth;;
l2298;Bowden;people_birth;;
l2299;Dean St;people_birth;;
l2301;Abercorn;people_birth;;
l2302;Birlingham;people_birth;;
l2303;3rd mate ATLAS (1) 1784/5 (approved 1785;people_birth;;
l2306;Capt HARCOURT (2) 1764/5 & 1767/8;people_birth;;
l2307;3rd mate CARNATIC (3) 1814/5 (approved 1815;people_birth;;
l2308;Kinnaird;people_birth;;
l2309;hae Baglanc);people_birth;;
l2310;April Madeira;people_birth;;
l2311;Heckfield;people_birth;;
l2312;4th mate WALPOLE (4) 1782/3 (approved 1783;people_birth;;
l2314;3rd mate PONSBORNE (2) 1779/80 (approved 1780;people_birth;;
l2315;Woodside Cottage nr Windsor;people_birth;;
l2316;Witton-le-Wear;people_birth;;
l2317;Lassuden;people_birth;;
l2318;1st mate BENGAL (2) 1807/8;people_birth;;
l2319;Ackleby;people_birth;;
l2320;2nd mate BOMBAY (3) Laura Louisa b Ellen Susan b;people_birth;;
l2321;ap Nettlestead;people_birth;;
l2322;net;people_birth;;
l2324;Daviot;people_birth;;
l2326;Netherley;people_birth;;
l2327;suageu PALMIOUTIE 1764/5;people_birth;;
l2328;Auldearn;people_birth;;
l2329;3rd mate SCALEBY CASTLE 1815/6 (approved 1816;people_birth;;
l2330;invalided;people_birth;;
l2331;Walsingham;people_birth;;
l2332;m Edmonton;people_birth;;
l2335;3rd mate ATLAS (4) 1816/7 & 1818/9;people_birth;;
l2336;4th mate CITY OF LONDON 1808/9;people_birth;;
l2337;ap St Mary's Rotherhithe;people_birth;;
l2338;Clechpoldich;people_birth;;
l2339;Chresenham;people_birth;;
l2340;2nd mate BRITANNIA (4) 1780;people_birth;;
l2341;Acomb nr Hexham;people_birth;;
l2342;St Helen's pa;people_birth;;
l2343;Collier Row Lane;people_birth;;
l2344;& bep St Jolm's;people_birth;;
l2345;Threadneedle St;people_birth;;
l2346;midshipman HMS Squirrel;people_birth;;
l2347;Kirkpatrick Fleming;people_birth;;
l2348;Graveley;people_birth;;
l2349;Maw Staithes ar Whithy;people_birth;;
l2350;Delville nr Dublin;people_birth;;
l2351;mc1615 Anne dau of William Megg;people_birth;;
l2352;Damhead;people_birth;;
l2353;Inverleithen;people_birth;;
l2354;1st mate ROYAL BISHOP 1785/6 (approved 1786;people_birth;;
l2355;1st mate RELIANCE 1829/30 & 1831/2 O23 & Many's;people_birth;;
l2356;ap Deal;people_birth;;
l2358;d Malacca Sheen;people_birth;;
l2359;tn Bland;people_birth;;
l2360;Tannadice;people_birth;;
l2361;1772;people_birth;;
l2363;d active service Second Maratha War 1802-03;people_birth;;
l2364;Sec monte DUNNE OF GIRAITION 1775/6 (approved 1778;people_birth;;
l2366;Packington;people_birth;;
l2367;Burlingham St Andrew;people_birth;;
l2369;approved as 1st mate ROYAL CHARLOTTE (2) 1786;people_birth;;
l2370;Garrock;people_birth;;
l2371;Woodford Bridge;people_birth;;
l2373;Fifeshire;people_birth;;
l2374;4th mate EARL CORNWALLIS 1783/4 (approved 1784;people_birth;;
l2376;d m  Wolverhampton;people_birth;;
l2377;3rd mate LORD WALSINGHAM 1786/7 (approved 1787;people_birth;;
l2378;Binny;people_birth;;
l2379;suspended 1786;people_birth;;
l2380;St Etheldred's pa;people_birth;;
l2381;dae;people_birth;;
l2382;transf to HMS Hyena;people_birth;;
l2383;'b Sectlendl appoenttive Cecalline amele;people_birth;;
l2384;approved as 4th mate BRIDGEWATER (3) 1788;people_birth;;
l2385;3rd mate LORD MACARTNEY 1782/3 (approved 1783;people_birth;;
l2386;dismissed;people_birth;;
l2388;ap St Leonard's;people_birth;;
l2389;lo Broughton;people_birth;;
l2390;drowned m St Mary;people_birth;;
l2391;1st mate LOYALIST 1795/6 m Ramsey;people_birth;;
l2395;punser ANNES @) 16?a/s Harriet b Ellen b;people_birth;;
l2398;VY Mint & Ibap Cross St Chapel;people_birth;;
l2399;Throgmorton St;people_birth;;
l2400;5th mate LADY BURGES 1803/4;people_birth;;
l2402;ur St Giles-in-the-Fields;people_birth;;
l2403;ap Ware;people_birth;;
l2405;Hedon-in-Holderness;people_birth;;
l2406;went heme on GENERAL ELLIOT 1784;people_birth;;
l2407;Suptdg Surgeon;people_birth;;
l2408;Dailly;people_birth;;
l2410;Member of Medical Board 1808;people_birth;;
l2411;Pakefield;people_birth;;
l2412;Ifield Court;people_birth;;
l2413;widow petitioned Poplar Fund m Bombay;people_birth;;
l2414;Noy & bop Dee & Hamer Piccadilly;people_birth;;
l2415;Llantrissant;people_birth;;
l2418;3rd mate HERCULEAN 1801/2;people_birth;;
l2419;Colworth;people_birth;;
l2420;Oving;people_birth;;
l2421;1766;people_birth;;
l2422;1767;people_birth;;
l2423;Devynnock;people_birth;;
l2424;ap St Nicholas;people_birth;;
l2427;Walberswick;people_birth;;
l2430;pa St John the Baptist;people_birth;;
l2431;examined as 3rd mate DUTTON (2) 1791;people_birth;;
l2432;Sotterley;people_birth;;
l2433;Principal Managing Owner EGMONT (2) 1766/7-1772/3 m Elizabeth Webster;people_birth;;
l2434;pa St Stephen's Walbrook;people_birth;;
l2435;4th mate MIDDLESEX (2) 1789/9 (approved 1789;people_birth;;
l2438;3rd mate MARQUIS OF WELLINGTON (1) 1812/3 Wilkinson;people_birth;;
l2439;Langstephan;people_birth;;
l2440;1739;people_birth;;
l2442;Capt CARNATIC 1785/6 (approved 1786;people_birth;;
l2444;Bishop Wearmouth;people_birth;;
l2445;Weller;people_birth;;
l2446;Boarhunt;people_birth;;
l2447;lost wreck;people_birth;;
l2448;St Pancras;people_birth;;
l2449;Great Snoring;people_birth;;
l2450;St James' pa;people_birth;;
l2451;Kilconquhar;people_birth;;
l2453;ap St Paul's Covent Garden;people_birth;;
l2454;d London;people_birth;;
l2455;Rodborough;people_birth;;
l2456;Inveresk;people_birth;;
l2457;ap St Botolph Bishopsgate;people_birth;;
l2459;Wemyss Castle;people_birth;;
l2460;rejoined at Bombay;people_birth;;
l2463;4th mate MARQUIS OF ROCKINGHAM (2) 1775/6 (approved 1776;people_birth;;
l2464;England apprentice Speedwell Straits trade;people_birth;;
l2465;surgeon UNION (4) 1810/1;people_birth;;
l2466;ap Feathard;people_birth;;
l2467;ap St Luke's;people_birth;;
l2469;ap St Botolph Aldgate;people_birth;;
l2470;3rd mate AIRLY CASTLE 1797/8 (approved 1798;people_birth;;
l2471;L Oet 196? Norwich;people_birth;;
l2473;1692;people_birth;;
l2474;lb Ape ct Igy St Pauls;people_birth;;
l2475;4th mate ROYAL CHARLOTTE 1785/6 (approved 1786;people_birth;;
l2476;ap West Ham;people_birth;;
l2477;3rd mate PIGOT (2) 1785/6 (approved 1786;people_birth;;
l2478;d on board Alfred off Saugor active service China 1840-41;people_birth;;
l2479;Asst Surgeon HM 67th Foot 1809;people_birth;;
l2481;Ironchurch;people_birth;;
l2483;Strichen;people_birth;;
l2484;surgeon of Bombay Marine grab Restoration;people_birth;;
l2485;ap Camberwell;people_birth;;
l2487;Hants;people_baptised;;
l2494;Stirlingshire;people_baptised;;
l2497;Middx;people_baptised;;
l2498;Dorset;people_baptised;;
l2500;Great Yarmouth;people_baptised;;
l2501;Commwvalll;people_baptised;;
l2502;London s of Charles;people_baptised;;
l2505;Berks;people_baptised;;
l2507;Yorkslulse;people_baptised;;
l2509;Leics;people_baptised;;
l2512;Bast Lothian;people_baptised;;
l2514;Glos;people_baptised;;
l2515;Notts;people_baptised;;
l2517;Tun Sheerness;people_baptised;;
l2518;Tower of London Chapel;people_baptised;;
l2519;Kewl;people_baptised;;
l2520;St Pater Pon;people_baptised;;
l2521;Wilts;people_baptised;;
l2522;Herefords;people_baptised;;
l2523;Hunts;people_baptised;;
l2525;Thanet;people_baptised;;
l2528;Stockton-on-Tees;people_baptised;;
l2531;Seuthover;people_baptised;;
l2533;Doctors' Commons;people_baptised;;
l2537;Bermondsey;people_baptised;;
l2539;Staffs;people_baptised;;
l2540;Yorks;people_baptised;;
l2541;Clos;people_baptised;;
l2542;Hanover Sq;people_baptised;;
l2546;Srepacy;people_baptised;;
l2550;Louden;people_baptised;;
l2551;Worcs;people_baptised;;
l2556;White Row;people_baptised;;
l2557;Deptiond;people_baptised;;
l2558;Berwick-on-Tweed;people_baptised;;
l2559;Fite;people_baptised;;
l2560;Cammerthen;people_baptised;;
l2561;Stitton. Suffolk;people_baptised;;
l2562;Berwickshire;people_baptised;;
l2563;Caithness;people_baptised;;
l2564;Sneoney;people_baptised;;
l2565;Warwicks;people_baptised;;
l2566;Roxburgshire;people_baptised;;
l2568;Gt Berkhamsted;people_baptised;;
l2570;Lancs;people_baptised;;
l2576;Bormateple;people_baptised;;
l2579;Lincs;people_baptised;;
l2580;Merioneth;people_baptised;;
l2581;Herts;people_baptised;;
l2583;Phillack;people_baptised;;
l2584;Nortel;people_baptised;;
l2585;‘Kent;people_baptised;;
l2586;Lanarks;people_baptised;;
l2588;Essex?;people_baptised;;
l2589;Garwald;people_baptised;;
l2590;Salop;people_baptised;;
l2592;Old Jewry;people_baptised;;
l2594;3rd s of John;people_baptised;;
l2595;Dumtfries;people_baptised;;
l2596;Glamorgan;people_baptised;;
l2597;Northants;people_baptised;;
l2599;co Durbem;people_baptised;;
l2602;Fes Monpbie;people_baptised;;
l2608;Lichfield Cathedral;people_baptised;;
l2609;Gloucs;people_baptised;;
l2611;Wapping;people_baptised;;
l2612;Kimg*s Lymn;people_baptised;;
l2613;Argyll;people_baptised;;
l2614;Newmgion;people_baptised;;
l2616;London Wall;people_baptised;;
l2618;Ayshire;people_baptised;;
l2619;East Lothian;people_baptised;;
l2620;Wigtown;people_baptised;;
l2621;Hawkshead;people_baptised;;
l2626;Derset;people_baptised;;
l2627;co Antrim;people_baptised;;
l2628;Jam Kinnonle;people_baptised;;
l2632;Roxburghs;people_baptised;;
l2636;Cartmel;people_baptised;;
l2637;Flints;people_baptised;;
l2641;co Cork;people_baptised;;
l2642;Suftell;people_baptised;;
l2643;Survey;people_baptised;;
l2646;Long Buckley;people_baptised;;
